// <auto-generated>
// Generated by tools/FontAssetGen from 'FoxitSymbol.cff' — do not edit by hand.
// Re-run: dotnet run --project tools/FontAssetGen -- <input-dir> src/PlumePdf/Fonts/Substitute --manifest SubstituteCffBlobs --banner "Source: PDFium core/fxge/fontdata/chromefontdata at commit 272ef3633b0f05896edfdc702d0328ed924e984e, extracted by scripts/fetch-foxit-fonts.sh (SHA-256 pinned there); license and copyright notices in NOTICE."
// Source: PDFium core/fxge/fontdata/chromefontdata at commit 272ef3633b0f05896edfdc702d0328ed924e984e, extracted by scripts/fetch-foxit-fonts.sh (SHA-256 pinned there); license and copyright notices in NOTICE.
// </auto-generated>

namespace PlumePdf.Fonts.Substitute;

/// <summary>Compiled-in font-file bytes for the "FoxitSymbol" substitute face (16,729 bytes) — a FieldRVA blob: allocation-free, reflection-free, NativeAOT-safe by construction.</summary>
internal static class FoxitSymbolBlob
{
    /// <summary>The "FoxitSymbol" face's raw font-file bytes, verbatim.</summary>
    public static ReadOnlySpan<byte> Data =>
        new byte[]
        {
            0x01, 0x00, 0x04, 0x02, 0x00, 0x01, 0x01, 0x01, 0x0F, 0x43, 0x68, 0x72, 0x6F, 0x6D, 0x53, 0x79, 0x6D, 0x62, 0x6F, 0x6C, 
            0x4F, 0x54, 0x46, 0x00, 0x01, 0x01, 0x01, 0x26, 0xF8, 0x10, 0x00, 0xF8, 0xAD, 0x01, 0xF8, 0xAE, 0x02, 0xF8, 0xAE, 0x03, 
            0xF8, 0x18, 0x04, 0xFB, 0x48, 0xFB, 0xBA, 0xFA, 0xD6, 0xFA, 0x86, 0x05, 0x1C, 0x06, 0x3D, 0x0F, 0x1C, 0x06, 0x89, 0x11, 
            0xAB, 0x1C, 0x3E, 0xA2, 0x12, 0x00, 0x94, 0x02, 0x00, 0x01, 0x00, 0x06, 0x00, 0x0A, 0x00, 0x0F, 0x00, 0x16, 0x00, 0x1A, 
            0x00, 0x1D, 0x00, 0x22, 0x00, 0x26, 0x00, 0x2B, 0x00, 0x31, 0x00, 0x33, 0x00, 0x35, 0x00, 0x37, 0x00, 0x3E, 0x00, 0x40, 
            0x00, 0x43, 0x00, 0x48, 0x00, 0x4B, 0x00, 0x52, 0x00, 0x55, 0x00, 0x58, 0x00, 0x5B, 0x00, 0x60, 0x00, 0x64, 0x00, 0x69, 
            0x00, 0x6E, 0x00, 0x75, 0x00, 0x79, 0x00, 0x7C, 0x00, 0x81, 0x00, 0x85, 0x00, 0x8A, 0x00, 0x90, 0x00, 0x92, 0x00, 0x94, 
            0x00, 0x9B, 0x00, 0x9D, 0x00, 0xA0, 0x00, 0xA6, 0x00, 0xAB, 0x00, 0xAE, 0x00, 0xB5, 0x00, 0xB8, 0x00, 0xBB, 0x00, 0xBE, 
            0x00, 0xC3, 0x00, 0xC9, 0x00, 0xD1, 0x00, 0xD5, 0x00, 0xDB, 0x00, 0xE1, 0x00, 0xE7, 0x00, 0xEB, 0x00, 0xF3, 0x00, 0xFE, 
            0x01, 0x06, 0x01, 0x0B, 0x01, 0x10, 0x01, 0x19, 0x01, 0x20, 0x01, 0x2A, 0x01, 0x33, 0x01, 0x3C, 0x01, 0x4A, 0x01, 0x56, 
            0x01, 0x60, 0x01, 0x6D, 0x01, 0x79, 0x01, 0x85, 0x01, 0x8E, 0x01, 0x99, 0x01, 0xA4, 0x01, 0xAC, 0x01, 0xB1, 0x01, 0xB9, 
            0x01, 0xC0, 0x01, 0xCA, 0x01, 0xD2, 0x01, 0xD9, 0x01, 0xE2, 0x01, 0xEE, 0x01, 0xF5, 0x02, 0x01, 0x02, 0x09, 0x02, 0x0E, 
            0x02, 0x18, 0x02, 0x21, 0x02, 0x2D, 0x02, 0x32, 0x02, 0x3A, 0x02, 0x43, 0x02, 0x4A, 0x02, 0x53, 0x02, 0x5E, 0x02, 0x66, 
            0x02, 0x71, 0x02, 0x7A, 0x02, 0x86, 0x02, 0x92, 0x02, 0xA0, 0x02, 0xA9, 0x02, 0xB5, 0x02, 0xC3, 0x02, 0xCD, 0x02, 0xDB, 
            0x02, 0xE8, 0x02, 0xEF, 0x02, 0xF9, 0x03, 0x03, 0x03, 0x0C, 0x03, 0x16, 0x03, 0x1D, 0x03, 0x22, 0x03, 0x26, 0x03, 0x2B, 
            0x03, 0x32, 0x03, 0x40, 0x03, 0x4D, 0x03, 0x5B, 0x03, 0x64, 0x03, 0x6F, 0x03, 0x7B, 0x03, 0x87, 0x03, 0x94, 0x03, 0xA1, 
            0x03, 0xAC, 0x03, 0xB7, 0x03, 0xC2, 0x03, 0xCF, 0x03, 0xDC, 0x03, 0xE9, 0x03, 0xF4, 0x04, 0x00, 0x04, 0x0B, 0x04, 0x12, 
            0x04, 0x1C, 0x04, 0x28, 0x04, 0x34, 0x04, 0x40, 0x04, 0x4E, 0x04, 0x5C, 0x04, 0x6A, 0x04, 0x76, 0x04, 0x83, 0x04, 0x8F, 
            0x04, 0x94, 0x04, 0xBE, 0x04, 0xCE, 0x41, 0x6C, 0x70, 0x68, 0x61, 0x42, 0x65, 0x74, 0x61, 0x47, 0x61, 0x6D, 0x6D, 0x61, 
            0x45, 0x70, 0x73, 0x69, 0x6C, 0x6F, 0x6E, 0x5A, 0x65, 0x74, 0x61, 0x45, 0x74, 0x61, 0x54, 0x68, 0x65, 0x74, 0x61, 0x49, 
            0x6F, 0x74, 0x61, 0x4B, 0x61, 0x70, 0x70, 0x61, 0x4C, 0x61, 0x6D, 0x62, 0x64, 0x61, 0x4D, 0x75, 0x4E, 0x75, 0x58, 0x69, 
            0x4F, 0x6D, 0x69, 0x63, 0x72, 0x6F, 0x6E, 0x50, 0x69, 0x52, 0x68, 0x6F, 0x53, 0x69, 0x67, 0x6D, 0x61, 0x54, 0x61, 0x75, 
            0x55, 0x70, 0x73, 0x69, 0x6C, 0x6F, 0x6E, 0x50, 0x68, 0x69, 0x43, 0x68, 0x69, 0x50, 0x73, 0x69, 0x61, 0x6C, 0x70, 0x68, 
            0x61, 0x62, 0x65, 0x74, 0x61, 0x67, 0x61, 0x6D, 0x6D, 0x61, 0x64, 0x65, 0x6C, 0x74, 0x61, 0x65, 0x70, 0x73, 0x69, 0x6C, 
            0x6F, 0x6E, 0x7A, 0x65, 0x74, 0x61, 0x65, 0x74, 0x61, 0x74, 0x68, 0x65, 0x74, 0x61, 0x69, 0x6F, 0x74, 0x61, 0x6B, 0x61, 
            0x70, 0x70, 0x61, 0x6C, 0x61, 0x6D, 0x62, 0x64, 0x61, 0x6E, 0x75, 0x78, 0x69, 0x6F, 0x6D, 0x69, 0x63, 0x72, 0x6F, 0x6E, 
            0x70, 0x69, 0x72, 0x68, 0x6F, 0x73, 0x69, 0x67, 0x6D, 0x61, 0x31, 0x73, 0x69, 0x67, 0x6D, 0x61, 0x74, 0x61, 0x75, 0x75, 
            0x70, 0x73, 0x69, 0x6C, 0x6F, 0x6E, 0x70, 0x68, 0x69, 0x63, 0x68, 0x69, 0x70, 0x73, 0x69, 0x6F, 0x6D, 0x65, 0x67, 0x61, 
            0x74, 0x68, 0x65, 0x74, 0x61, 0x31, 0x55, 0x70, 0x73, 0x69, 0x6C, 0x6F, 0x6E, 0x31, 0x70, 0x68, 0x69, 0x31, 0x6F, 0x6D, 
            0x65, 0x67, 0x61, 0x31, 0x6D, 0x69, 0x6E, 0x75, 0x74, 0x65, 0x73, 0x65, 0x63, 0x6F, 0x6E, 0x64, 0x45, 0x75, 0x72, 0x6F, 
            0x49, 0x66, 0x72, 0x61, 0x6B, 0x74, 0x75, 0x72, 0x77, 0x65, 0x69, 0x65, 0x72, 0x73, 0x74, 0x72, 0x61, 0x73, 0x73, 0x52, 
            0x66, 0x72, 0x61, 0x6B, 0x74, 0x75, 0x72, 0x4F, 0x6D, 0x65, 0x67, 0x61, 0x61, 0x6C, 0x65, 0x70, 0x68, 0x61, 0x72, 0x72, 
            0x6F, 0x77, 0x6C, 0x65, 0x66, 0x74, 0x61, 0x72, 0x72, 0x6F, 0x77, 0x75, 0x70, 0x61, 0x72, 0x72, 0x6F, 0x77, 0x72, 0x69, 
            0x67, 0x68, 0x74, 0x61, 0x72, 0x72, 0x6F, 0x77, 0x64, 0x6F, 0x77, 0x6E, 0x61, 0x72, 0x72, 0x6F, 0x77, 0x62, 0x6F, 0x74, 
            0x68, 0x63, 0x61, 0x72, 0x72, 0x69, 0x61, 0x67, 0x65, 0x72, 0x65, 0x74, 0x75, 0x72, 0x6E, 0x61, 0x72, 0x72, 0x6F, 0x77, 
            0x64, 0x62, 0x6C, 0x6C, 0x65, 0x66, 0x74, 0x61, 0x72, 0x72, 0x6F, 0x77, 0x64, 0x62, 0x6C, 0x75, 0x70, 0x61, 0x72, 0x72, 
            0x6F, 0x77, 0x64, 0x62, 0x6C, 0x72, 0x69, 0x67, 0x68, 0x74, 0x61, 0x72, 0x72, 0x6F, 0x77, 0x64, 0x62, 0x6C, 0x64, 0x6F, 
            0x77, 0x6E, 0x61, 0x72, 0x72, 0x6F, 0x77, 0x64, 0x62, 0x6C, 0x62, 0x6F, 0x74, 0x68, 0x75, 0x6E, 0x69, 0x76, 0x65, 0x72, 
            0x73, 0x61, 0x6C, 0x70, 0x61, 0x72, 0x74, 0x69, 0x61, 0x6C, 0x64, 0x69, 0x66, 0x66, 0x65, 0x78, 0x69, 0x73, 0x74, 0x65, 
            0x6E, 0x74, 0x69, 0x61, 0x6C, 0x65, 0x6D, 0x70, 0x74, 0x79, 0x73, 0x65, 0x74, 0x44, 0x65, 0x6C, 0x74, 0x61, 0x67, 0x72, 
            0x61, 0x64, 0x69, 0x65, 0x6E, 0x74, 0x65, 0x6C, 0x65, 0x6D, 0x65, 0x6E, 0x74, 0x6E, 0x6F, 0x74, 0x65, 0x6C, 0x65, 0x6D, 
            0x65, 0x6E, 0x74, 0x73, 0x75, 0x63, 0x68, 0x74, 0x68, 0x61, 0x74, 0x70, 0x72, 0x6F, 0x64, 0x75, 0x63, 0x74, 0x73, 0x75, 
            0x6D, 0x6D, 0x61, 0x74, 0x69, 0x6F, 0x6E, 0x61, 0x73, 0x74, 0x65, 0x72, 0x69, 0x73, 0x6B, 0x6D, 0x61, 0x74, 0x68, 0x72, 
            0x61, 0x64, 0x69, 0x63, 0x61, 0x6C, 0x70, 0x72, 0x6F, 0x70, 0x6F, 0x72, 0x74, 0x69, 0x6F, 0x6E, 0x61, 0x6C, 0x69, 0x6E, 
            0x66, 0x69, 0x6E, 0x69, 0x74, 0x79, 0x61, 0x6E, 0x67, 0x6C, 0x65, 0x6C, 0x6F, 0x67, 0x69, 0x63, 0x61, 0x6C, 0x61, 0x6E, 
            0x64, 0x6C, 0x6F, 0x67, 0x69, 0x63, 0x61, 0x6C, 0x6F, 0x72, 0x69, 0x6E, 0x74, 0x65, 0x72, 0x73, 0x65, 0x63, 0x74, 0x69, 
            0x6F, 0x6E, 0x75, 0x6E, 0x69, 0x6F, 0x6E, 0x69, 0x6E, 0x74, 0x65, 0x67, 0x72, 0x61, 0x6C, 0x74, 0x68, 0x65, 0x72, 0x65, 
            0x66, 0x6F, 0x72, 0x65, 0x73, 0x69, 0x6D, 0x69, 0x6C, 0x61, 0x72, 0x63, 0x6F, 0x6E, 0x67, 0x72, 0x75, 0x65, 0x6E, 0x74, 
            0x61, 0x70, 0x70, 0x72, 0x6F, 0x78, 0x65, 0x71, 0x75, 0x61, 0x6C, 0x6E, 0x6F, 0x74, 0x65, 0x71, 0x75, 0x61, 0x6C, 0x65, 
            0x71, 0x75, 0x69, 0x76, 0x61, 0x6C, 0x65, 0x6E, 0x63, 0x65, 0x6C, 0x65, 0x73, 0x73, 0x65, 0x71, 0x75, 0x61, 0x6C, 0x67, 
            0x72, 0x65, 0x61, 0x74, 0x65, 0x72, 0x65, 0x71, 0x75, 0x61, 0x6C, 0x70, 0x72, 0x6F, 0x70, 0x65, 0x72, 0x73, 0x75, 0x62, 
            0x73, 0x65, 0x74, 0x70, 0x72, 0x6F, 0x70, 0x65, 0x72, 0x73, 0x75, 0x70, 0x65, 0x72, 0x73, 0x65, 0x74, 0x6E, 0x6F, 0x74, 
            0x73, 0x75, 0x62, 0x73, 0x65, 0x74, 0x72, 0x65, 0x66, 0x6C, 0x65, 0x78, 0x73, 0x75, 0x62, 0x73, 0x65, 0x74, 0x72, 0x65, 
            0x66, 0x6C, 0x65, 0x78, 0x73, 0x75, 0x70, 0x65, 0x72, 0x73, 0x65, 0x74, 0x63, 0x69, 0x72, 0x63, 0x6C, 0x65, 0x70, 0x6C, 
            0x75, 0x73, 0x63, 0x69, 0x72, 0x63, 0x6C, 0x65, 0x6D, 0x75, 0x6C, 0x74, 0x69, 0x70, 0x6C, 0x79, 0x70, 0x65, 0x72, 0x70, 
            0x65, 0x6E, 0x64, 0x69, 0x63, 0x75, 0x6C, 0x61, 0x72, 0x64, 0x6F, 0x74, 0x6D, 0x61, 0x74, 0x68, 0x69, 0x6E, 0x74, 0x65, 
            0x67, 0x72, 0x61, 0x6C, 0x74, 0x70, 0x69, 0x6E, 0x74, 0x65, 0x67, 0x72, 0x61, 0x6C, 0x62, 0x74, 0x61, 0x6E, 0x67, 0x6C, 
            0x65, 0x6C, 0x65, 0x66, 0x74, 0x61, 0x6E, 0x67, 0x6C, 0x65, 0x72, 0x69, 0x67, 0x68, 0x74, 0x6C, 0x6F, 0x7A, 0x65, 0x6E, 
            0x67, 0x65, 0x73, 0x70, 0x61, 0x64, 0x65, 0x63, 0x6C, 0x75, 0x62, 0x68, 0x65, 0x61, 0x72, 0x74, 0x64, 0x69, 0x61, 0x6D, 
            0x6F, 0x6E, 0x64, 0x63, 0x6F, 0x70, 0x79, 0x72, 0x69, 0x67, 0x68, 0x74, 0x73, 0x65, 0x72, 0x69, 0x66, 0x72, 0x65, 0x67, 
            0x69, 0x73, 0x74, 0x65, 0x72, 0x73, 0x65, 0x72, 0x69, 0x66, 0x74, 0x72, 0x61, 0x64, 0x65, 0x6D, 0x61, 0x72, 0x6B, 0x73, 
            0x65, 0x72, 0x69, 0x66, 0x72, 0x61, 0x64, 0x69, 0x63, 0x61, 0x6C, 0x65, 0x78, 0x61, 0x72, 0x72, 0x6F, 0x77, 0x76, 0x65, 
            0x72, 0x74, 0x65, 0x78, 0x61, 0x72, 0x72, 0x6F, 0x77, 0x68, 0x6F, 0x72, 0x69, 0x7A, 0x65, 0x78, 0x72, 0x65, 0x67, 0x69, 
            0x73, 0x74, 0x65, 0x72, 0x73, 0x61, 0x6E, 0x73, 0x63, 0x6F, 0x70, 0x79, 0x72, 0x69, 0x67, 0x68, 0x74, 0x73, 0x61, 0x6E, 
            0x73, 0x74, 0x72, 0x61, 0x64, 0x65, 0x6D, 0x61, 0x72, 0x6B, 0x73, 0x61, 0x6E, 0x73, 0x70, 0x61, 0x72, 0x65, 0x6E, 0x6C, 
            0x65, 0x66, 0x74, 0x74, 0x70, 0x70, 0x61, 0x72, 0x65, 0x6E, 0x6C, 0x65, 0x66, 0x74, 0x65, 0x78, 0x70, 0x61, 0x72, 0x65, 
            0x6E, 0x6C, 0x65, 0x66, 0x74, 0x62, 0x74, 0x62, 0x72, 0x61, 0x63, 0x6B, 0x65, 0x74, 0x6C, 0x65, 0x66, 0x74, 0x74, 0x70, 
            0x62, 0x72, 0x61, 0x63, 0x6B, 0x65, 0x74, 0x6C, 0x65, 0x66, 0x74, 0x65, 0x78, 0x62, 0x72, 0x61, 0x63, 0x6B, 0x65, 0x74, 
            0x6C, 0x65, 0x66, 0x74, 0x62, 0x74, 0x62, 0x72, 0x61, 0x63, 0x65, 0x6C, 0x65, 0x66, 0x74, 0x74, 0x70, 0x62, 0x72, 0x61, 
            0x63, 0x65, 0x6C, 0x65, 0x66, 0x74, 0x6D, 0x69, 0x64, 0x62, 0x72, 0x61, 0x63, 0x65, 0x6C, 0x65, 0x66, 0x74, 0x62, 0x74, 
            0x62, 0x72, 0x61, 0x63, 0x65, 0x65, 0x78, 0x69, 0x6E, 0x74, 0x65, 0x67, 0x72, 0x61, 0x6C, 0x65, 0x78, 0x70, 0x61, 0x72, 
            0x65, 0x6E, 0x72, 0x69, 0x67, 0x68, 0x74, 0x74, 0x70, 0x70, 0x61, 0x72, 0x65, 0x6E, 0x72, 0x69, 0x67, 0x68, 0x74, 0x65, 
            0x78, 0x70, 0x61, 0x72, 0x65, 0x6E, 0x72, 0x69, 0x67, 0x68, 0x74, 0x62, 0x74, 0x62, 0x72, 0x61, 0x63, 0x6B, 0x65, 0x74, 
            0x72, 0x69, 0x67, 0x68, 0x74, 0x74, 0x70, 0x62, 0x72, 0x61, 0x63, 0x6B, 0x65, 0x74, 0x72, 0x69, 0x67, 0x68, 0x74, 0x65, 
            0x78, 0x62, 0x72, 0x61, 0x63, 0x6B, 0x65, 0x74, 0x72, 0x69, 0x67, 0x68, 0x74, 0x62, 0x74, 0x62, 0x72, 0x61, 0x63, 0x65, 
            0x72, 0x69, 0x67, 0x68, 0x74, 0x74, 0x70, 0x62, 0x72, 0x61, 0x63, 0x65, 0x72, 0x69, 0x67, 0x68, 0x74, 0x6D, 0x69, 0x64, 
            0x62, 0x72, 0x61, 0x63, 0x65, 0x72, 0x69, 0x67, 0x68, 0x74, 0x62, 0x74, 0x61, 0x70, 0x70, 0x6C, 0x65, 0x20, 0x20, 0x20, 
            0x20, 0x20, 0x20, 0x20, 0x20, 0x20, 0x20, 0x20, 0x20, 0x20, 0x20, 0x20, 0x20, 0x20, 0x20, 0x20, 0x20, 0x20, 0x20, 0x20, 
            0x20, 0x20, 0x20, 0x20, 0x20, 0x20, 0x20, 0x20, 0x20, 0x20, 0x20, 0x20, 0x20, 0x20, 0x20, 0x20, 0x20, 0x20, 0x20, 0x43, 
            0x68, 0x72, 0x6F, 0x6D, 0x20, 0x53, 0x79, 0x6D, 0x62, 0x6F, 0x6C, 0x20, 0x4F, 0x54, 0x46, 0x00, 0x00, 0x01, 0x00, 0x01, 
            0x01, 0x00, 0x04, 0x00, 0x00, 0x06, 0x01, 0x00, 0x09, 0x01, 0x00, 0x0C, 0x01, 0x00, 0x0F, 0x11, 0x00, 0x3C, 0x00, 0x00, 
            0x3E, 0x00, 0x00, 0x40, 0x00, 0x00, 0x5C, 0x02, 0x00, 0x97, 0x00, 0x00, 0xA1, 0x00, 0x00, 0x9C, 0x00, 0x00, 0x98, 0x00, 
            0x00, 0xA8, 0x00, 0x00, 0x9F, 0x00, 0x00, 0x65, 0x00, 0x01, 0x87, 0x31, 0x00, 0x74, 0x00, 0x00, 0x79, 0x00, 0x01, 0xB9, 
            0x01, 0x00, 0x63, 0x00, 0x01, 0xBB, 0x1B, 0x00, 0xA6, 0x00, 0x01, 0xD7, 0x41, 0x00, 0xBF, 0x02, 0x00, 0x01, 0x00, 0x04, 
            0x00, 0x07, 0x00, 0x3B, 0x00, 0xAD, 0x01, 0x68, 0x02, 0x26, 0x02, 0x5C, 0x02, 0x8F, 0x02, 0xB0, 0x03, 0x04, 0x03, 0x13, 
            0x03, 0x27, 0x03, 0x73, 0x03, 0xA3, 0x03, 0xF5, 0x04, 0x65, 0x04, 0x99, 0x04, 0xF2, 0x05, 0x53, 0x05, 0x7A, 0x05, 0xF1, 
            0x06, 0x56, 0x06, 0x6D, 0x06, 0xD9, 0x06, 0xF0, 0x07, 0x03, 0x07, 0x1C, 0x07, 0x79, 0x07, 0x9A, 0x07, 0xBC, 0x07, 0xCC, 
            0x08, 0x17, 0x08, 0x2D, 0x08, 0x79, 0x08, 0x91, 0x08, 0xC9, 0x08, 0xF8, 0x09, 0x6E, 0x09, 0x9D, 0x09, 0xBD, 0x0A, 0x3C, 
            0x0A, 0xA0, 0x0B, 0x0A, 0x0B, 0x4C, 0x0B, 0xA9, 0x0B, 0xE8, 0x0C, 0x18, 0x0C, 0xB5, 0x0C, 0xC4, 0x0D, 0x1E, 0x0D, 0x6F, 
            0x0D, 0xCA, 0x0E, 0x11, 0x0E, 0x88, 0x0E, 0xDD, 0x0F, 0x1C, 0x0F, 0x69, 0x0F, 0xA5, 0x0F, 0xDE, 0x10, 0x2E, 0x10, 0xAB, 
            0x11, 0x40, 0x11, 0xAB, 0x12, 0x1A, 0x12, 0xA8, 0x13, 0x02, 0x13, 0x87, 0x14, 0x0A, 0x14, 0x90, 0x14, 0xF6, 0x15, 0x4D, 
            0x15, 0x89, 0x16, 0x04, 0x16, 0x61, 0x16, 0xAC, 0x17, 0x62, 0x17, 0xA8, 0x18, 0x10, 0x18, 0x71, 0x18, 0xE3, 0x19, 0x2E, 
            0x19, 0x80, 0x19, 0xE3, 0x1A, 0x47, 0x1A, 0xA3, 0x1B, 0x18, 0x1B, 0x93, 0x1C, 0x24, 0x1C, 0x85, 0x1C, 0xF2, 0x1D, 0x87, 
            0x1D, 0xAB, 0x1D, 0xD0, 0x1D, 0xF2, 0x1E, 0x1F, 0x1E, 0x38, 0x1E, 0xC3, 0x1F, 0x58, 0x20, 0x0C, 0x20, 0xE9, 0x21, 0x72, 
            0x22, 0x1A, 0x22, 0x4B, 0x22, 0x79, 0x22, 0xA5, 0x22, 0xD4, 0x23, 0x31, 0x23, 0x53, 0x23, 0x96, 0x23, 0xD5, 0x24, 0x0F, 
            0x24, 0x4E, 0x24, 0xAD, 0x24, 0xDE, 0x25, 0x46, 0x25, 0x6B, 0x25, 0xEA, 0x26, 0x0E, 0x26, 0x33, 0x26, 0x74, 0x26, 0xE6, 
            0x27, 0x31, 0x27, 0x80, 0x27, 0xD8, 0x27, 0xE3, 0x28, 0xF3, 0x29, 0x16, 0x29, 0x88, 0x29, 0xF3, 0x2A, 0x0A, 0x2A, 0x26, 
            0x2A, 0x49, 0x2A, 0x7F, 0x2A, 0xB5, 0x2B, 0x0C, 0x2B, 0x54, 0x2B, 0xA0, 0x2B, 0xFB, 0x2C, 0x46, 0x2C, 0x84, 0x2C, 0xA1, 
            0x2C, 0xB3, 0x2C, 0xC8, 0x2C, 0xFA, 0x2D, 0x24, 0x2D, 0x7A, 0x2D, 0xB6, 0x2D, 0xEF, 0x2E, 0x31, 0x2E, 0x7D, 0x2E, 0x98, 
            0x2E, 0xB7, 0x2E, 0xF1, 0x2F, 0x2D, 0x2F, 0x45, 0x2F, 0x5F, 0x2F, 0x95, 0x2F, 0xFF, 0x30, 0x8E, 0x30, 0xDA, 0x30, 0xF9, 
            0x31, 0x55, 0x31, 0xEB, 0x32, 0x87, 0x32, 0x99, 0x32, 0xAB, 0x32, 0xC0, 0x33, 0x45, 0x33, 0x92, 0x33, 0xDB, 0x34, 0x06, 
            0x34, 0x12, 0x34, 0x3A, 0x34, 0x57, 0x34, 0x68, 0x34, 0x84, 0x34, 0xA7, 0x34, 0xD5, 0x34, 0xF4, 0x34, 0xFB, 0x35, 0x0E, 
            0x35, 0x35, 0x35, 0x43, 0x35, 0x6B, 0x35, 0x8A, 0x35, 0x9E, 0x35, 0xBB, 0x35, 0xD7, 0x36, 0x05, 0x36, 0x21, 0x36, 0x97, 
            0xFC, 0x45, 0x0E, 0xFC, 0x45, 0x0E, 0xFB, 0xF2, 0x7A, 0xF7, 0x04, 0xF8, 0xD5, 0x77, 0x01, 0xF7, 0x14, 0xF7, 0x04, 0x03, 
            0xF7, 0x42, 0xF7, 0x64, 0x15, 0x7F, 0x8C, 0x90, 0x85, 0x8F, 0x1B, 0x8F, 0x8F, 0x91, 0x97, 0x8D, 0x1F, 0xB0, 0xF7, 0xB8, 
            0x94, 0xC1, 0xB6, 0x1A, 0xCB, 0x69, 0x96, 0x75, 0x75, 0x69, 0x81, 0x4A, 0x1E, 0xFC, 0xC2, 0x04, 0x22, 0x0A, 0xFB, 0x4B, 
            0x90, 0x76, 0xF7, 0x64, 0xB9, 0xF7, 0x4A, 0xB9, 0xF7, 0x63, 0x77, 0x01, 0x9F, 0xF8, 0x61, 0x03, 0xE9, 0x7B, 0x15, 0xBA, 
            0x06, 0xA8, 0xF7, 0x64, 0x05, 0xF7, 0x10, 0x06, 0x6F, 0xFB, 0x64, 0x05, 0xBA, 0x06, 0xA7, 0xF7, 0x64, 0x05, 0xF3, 0x06, 
            0x91, 0xB9, 0x05, 0x24, 0x06, 0xA3, 0xF7, 0x4A, 0x05, 0xF2, 0x06, 0x91, 0xB9, 0x05, 0x25, 0x06, 0xA7, 0xF7, 0x63, 0x05, 
            0x5C, 0x06, 0x6F, 0xFB, 0x63, 0x05, 0xFB, 0x11, 0x06, 0xA8, 0xF7, 0x63, 0x05, 0x5C, 0x06, 0x6E, 0xFB, 0x63, 0x05, 0x27, 
            0x06, 0x85, 0x5D, 0x05, 0xEF, 0x06, 0x72, 0xFB, 0x4A, 0x05, 0x24, 0x06, 0x85, 0x5D, 0x05, 0xF2, 0x06, 0xC0, 0xB9, 0x15, 
            0xA4, 0xF7, 0x4A, 0x05, 0xF7, 0x10, 0x06, 0x73, 0xFB, 0x4A, 0x05, 0x0E, 0xF7, 0x2A, 0x5D, 0xB1, 0xF7, 0xA6, 0xBC, 0x7C, 
            0xB1, 0xF7, 0x70, 0xA7, 0xD0, 0x77, 0x12, 0xCA, 0xDC, 0xF7, 0x70, 0xA8, 0xB7, 0xD6, 0xF7, 0x79, 0xAA, 0x13, 0xDF, 0x80, 
            0xF7, 0x3F, 0x67, 0x15, 0xC2, 0x06, 0xF8, 0x4D, 0xF9, 0x47, 0x05, 0x54, 0x06, 0x66, 0x82, 0x33, 0x6B, 0x5C, 0x1B, 0x53, 
            0x8A, 0x6C, 0xA4, 0x83, 0x8F, 0x08, 0xA0, 0x71, 0x79, 0x9F, 0x63, 0x1B, 0xFB, 0x04, 0xFB, 0x06, 0xFB, 0x23, 0xFB, 0x19, 
            0x40, 0xB9, 0x65, 0xC7, 0xF7, 0x1A, 0xE4, 0xF7, 0x25, 0xEF, 0x8C, 0x1F, 0xA0, 0x8B, 0xA0, 0x88, 0x9F, 0x1E, 0x9C, 0x81, 
            0xAA, 0x85, 0xAC, 0x8C, 0xB0, 0x8C, 0xB3, 0x93, 0xA4, 0x9B, 0x08, 0xFB, 0x69, 0x87, 0x15, 0x8D, 0x76, 0x8D, 0x80, 0x6F, 
            0x1A, 0x3A, 0x45, 0xFB, 0x0F, 0x27, 0x66, 0x7E, 0xB3, 0xAD, 0xE3, 0xDA, 0xF7, 0x14, 0xCD, 0x95, 0x1E, 0x9B, 0x7E, 0xAC, 
            0x7D, 0xA1, 0x82, 0x08, 0xD8, 0xFC, 0x7E, 0x15, 0x3B, 0xBC, 0x5E, 0xD8, 0xF7, 0x0C, 0xE4, 0xF7, 0x2A, 0xF2, 0x1E, 0x13, 
            0xBF, 0x80, 0xC2, 0x76, 0xCD, 0x35, 0xFB, 0x18, 0x2B, 0xFB, 0x20, 0xFB, 0x01, 0x1E, 0xD6, 0x80, 0x15, 0xE8, 0xDF, 0xF7, 
            0x16, 0xD3, 0x8A, 0x1E, 0xC6, 0x99, 0x5C, 0x60, 0x38, 0x38, 0xFB, 0x11, 0x26, 0x6C, 0x7D, 0xB0, 0xB2, 0x1F, 0x0E, 0xEA, 
            0x79, 0xC6, 0x50, 0xD6, 0xF7, 0xED, 0x9D, 0xF7, 0x5D, 0xB3, 0x12, 0xB4, 0xE8, 0xC9, 0xD7, 0x8B, 0xF7, 0x38, 0x8B, 0xBD, 
            0x13, 0x7F, 0xF8, 0x3E, 0xDD, 0x15, 0x76, 0xA0, 0xD2, 0x3C, 0xDB, 0x1B, 0x13, 0xBF, 0xDB, 0xB2, 0xB4, 0xD8, 0xAC, 0x1F, 
            0x7B, 0x99, 0x05, 0x66, 0x61, 0x64, 0x77, 0x73, 0x1B, 0x4F, 0x56, 0xC2, 0xAA, 0x6C, 0x1F, 0xCC, 0xD7, 0x9F, 0xB7, 0xB2, 
            0xC8, 0x08, 0xAF, 0xA2, 0xA3, 0xB5, 0xBD, 0x1B, 0x9D, 0xFB, 0x67, 0x79, 0x07, 0xAE, 0xA2, 0x7D, 0x71, 0x52, 0x48, 0xFB, 
            0x0A, 0x75, 0x7B, 0x1F, 0x4D, 0xD3, 0x60, 0xD6, 0x69, 0xC9, 0x08, 0xE2, 0xB1, 0xD5, 0xAB, 0xE8, 0x1A, 0xC9, 0x4D, 0xC3, 
            0x49, 0x27, 0x4D, 0x54, 0x24, 0x1E, 0x13, 0x9F, 0x56, 0x9E, 0x6F, 0x9C, 0x5B, 0x1E, 0xFB, 0x02, 0x44, 0x3A, 0x5F, 0xFB, 
            0x0D, 0x1A, 0xFB, 0x00, 0xE2, 0x5B, 0xE4, 0xF7, 0x11, 0xC2, 0xD0, 0xAA, 0xA8, 0x1E, 0xFB, 0x0D, 0xF7, 0xDC, 0x15, 0x7C, 
            0xB0, 0x79, 0xBC, 0xB8, 0x1A, 0xB6, 0xB1, 0xB0, 0xBA, 0xAF, 0xB6, 0x6A, 0x52, 0x51, 0x3C, 0x6A, 0x57, 0x6D, 0x1E, 0xE8, 
            0xFB, 0xC4, 0x15, 0x13, 0xBF, 0x82, 0x83, 0x4E, 0x53, 0x48, 0x1B, 0x44, 0x52, 0xC9, 0xDA, 0xE4, 0xD2, 0xB1, 0xB4, 0xAA, 
            0x1F, 0xBA, 0x3B, 0xA2, 0x5B, 0xDE, 0x24, 0x08, 0x0E, 0x50, 0x0A, 0xC0, 0xDD, 0x03, 0xF7, 0xB6, 0xFB, 0x53, 0x15, 0x95, 
            0x9C, 0x05, 0xFB, 0x0E, 0xE6, 0x60, 0xF7, 0x35, 0xF7, 0x3A, 0x1A, 0xF7, 0x40, 0xAD, 0xF7, 0x2F, 0xF7, 0x17, 0xE0, 0x1E, 
            0x81, 0x9C, 0x05, 0xFB, 0x00, 0x72, 0xFB, 0x15, 0xFB, 0x2A, 0xFB, 0x95, 0x1A, 0xFB, 0x7A, 0xF7, 0x22, 0xFB, 0x48, 0xEA, 
            0x75, 0x1E, 0x0E, 0x50, 0x0A, 0xF7, 0x58, 0xDD, 0x03, 0xB4, 0xFB, 0x53, 0x15, 0xEA, 0xA1, 0xF7, 0x22, 0xF7, 0x48, 0xF7, 
            0x7A, 0x1A, 0xF7, 0x95, 0xFB, 0x15, 0xF7, 0x2A, 0xFB, 0x00, 0xA4, 0x1E, 0x81, 0x7A, 0x05, 0xF7, 0x17, 0x36, 0xAD, 0xFB, 
            0x2F, 0xFB, 0x40, 0x1A, 0xFB, 0x3A, 0x60, 0xFB, 0x35, 0xFB, 0x0E, 0x30, 0x1E, 0x0E, 0xF7, 0xBE, 0x8B, 0x01, 0xF7, 0x8B, 
            0xC2, 0x03, 0x95, 0xF7, 0x87, 0x15, 0xF7, 0x81, 0xFB, 0x87, 0xC2, 0xF7, 0x87, 0xF7, 0x81, 0xC2, 0xFB, 0x81, 0xF7, 0x7F, 
            0x54, 0xFB, 0x7F, 0xFB, 0x81, 0x06, 0x0E, 0xFC, 0x45, 0xFB, 0x17, 0x76, 0xF7, 0x24, 0xF7, 0x04, 0x22, 0xF4, 0x12, 0xC3, 
            0xF7, 0x1E, 0x13, 0xD0, 0xC3, 0xB8, 0x15, 0x6B, 0x9E, 0x76, 0xAF, 0x1E, 0x13, 0xB0, 0x97, 0x99, 0x93, 0x8A, 0x93, 0x1F, 
            0x8F, 0x8A, 0x8D, 0x89, 0x84, 0x1A, 0x54, 0x51, 0x62, 0x73, 0x79, 0x1E, 0x86, 0x87, 0x83, 0x86, 0x84, 0x1A, 0x84, 0x90, 
            0x87, 0x92, 0x8F, 0x92, 0x8C, 0x90, 0x92, 0x1E, 0x9C, 0x95, 0xAC, 0xA4, 0x9F, 0xA4, 0x08, 0xAF, 0xB9, 0x8D, 0xB4, 0xA7, 
            0x1A, 0xBA, 0x65, 0xA7, 0x67, 0x5F, 0x77, 0x6C, 0x6F, 0x1E, 0x0E, 0xFC, 0x45, 0x7A, 0xF7, 0x04, 0x01, 0xD0, 0xF7, 0x04, 
            0x03, 0xD0, 0xB2, 0x15, 0x22, 0x0A, 0xFC, 0x29, 0x8E, 0x76, 0xF9, 0x2C, 0x77, 0x01, 0x79, 0x04, 0xB7, 0x06, 0xF7, 0x66, 
            0xF9, 0x2C, 0x05, 0x5F, 0x06, 0x0E, 0xFB, 0x4B, 0x7A, 0xAB, 0xF9, 0x14, 0xA9, 0x01, 0xA2, 0xEE, 0xF7, 0x93, 0xE9, 0x03, 
            0xF7, 0x0E, 0xF7, 0xE3, 0x15, 0xD4, 0x8B, 0xF7, 0x8B, 0xF7, 0x14, 0xF7, 0x14, 0x8A, 0xFB, 0x8B, 0x42, 0x38, 0x8C, 0xFB, 
            0x81, 0xFB, 0x14, 0xFB, 0x14, 0x8B, 0xF7, 0x7F, 0xE0, 0x1E, 0x28, 0x16, 0xFB, 0x11, 0xB6, 0xFB, 0x77, 0xF7, 0x4C, 0xF7, 
            0x4C, 0xB0, 0xF7, 0x77, 0xF7, 0x11, 0xF7, 0x0F, 0x66, 0xF7, 0x77, 0xFB, 0x4C, 0xFB, 0x4C, 0x60, 0xFB, 0x77, 0xFB, 0x0F, 
            0x1E, 0x0E, 0xFB, 0x4B, 0x3B, 0x0A, 0xF7, 0x69, 0xDF, 0x03, 0xF7, 0x09, 0x16, 0xF7, 0xA5, 0x9D, 0x06, 0x7E, 0x3B, 0x96, 
            0xD2, 0x1F, 0xF8, 0xD1, 0x79, 0x07, 0xFB, 0x36, 0x32, 0x05, 0x79, 0x07, 0xC4, 0xA0, 0x05, 0xA7, 0x95, 0x96, 0x7E, 0x77, 
            0x1A, 0xFC, 0x64, 0x07, 0x44, 0x38, 0x80, 0x7E, 0x1E, 0x0E, 0xFB, 0x4B, 0x8B, 0xD7, 0xF8, 0x1C, 0x9D, 0xF7, 0x0C, 0xDB, 
            0x01, 0xF7, 0xE0, 0xE5, 0x03, 0xA4, 0x16, 0xF8, 0x1D, 0x06, 0xC4, 0xF7, 0x1D, 0x7E, 0x90, 0x05, 0x4C, 0x64, 0x6E, 0x88, 
            0x64, 0x1B, 0xFB, 0x77, 0x06, 0xF7, 0x58, 0xF7, 0x5C, 0xED, 0xF7, 0x06, 0xF5, 0x1A, 0xF7, 0x0D, 0x41, 0xD0, 0x22, 0x33, 
            0x2D, 0x5A, 0xFB, 0x2B, 0x6D, 0x1E, 0xA0, 0x86, 0x05, 0xC1, 0xA1, 0xA9, 0xD2, 0xE6, 0x1B, 0xF7, 0x07, 0xA1, 0x30, 0x5C, 
            0x37, 0x5D, 0x34, 0x46, 0x40, 0x1F, 0xFB, 0x54, 0xFB, 0x66, 0x05, 0x0E, 0xFB, 0x4B, 0x7A, 0xB2, 0xF8, 0xEF, 0xC7, 0x12, 
            0xF7, 0xCF, 0xDD, 0x65, 0xD7, 0x13, 0xD0, 0xF7, 0x25, 0xF7, 0xE8, 0x15, 0xF1, 0x8C, 0xF7, 0x04, 0x5C, 0xFB, 0x01, 0x1A, 
            0x37, 0x62, 0x3C, 0x2E, 0x6E, 0x74, 0x97, 0x9C, 0x76, 0x1E, 0x9C, 0x76, 0x77, 0x98, 0x74, 0x1B, 0x68, 0x7D, 0x7E, 0x6E, 
            0x58, 0xF7, 0x10, 0x86, 0x9E, 0xF7, 0x20, 0xF7, 0x05, 0xE5, 0xF7, 0x27, 0xF7, 0x16, 0x36, 0xB5, 0x5D, 0x9B, 0x1F, 0x13, 
            0xE0, 0xCD, 0xB8, 0xA6, 0xB6, 0xC1, 0x1A, 0xB4, 0x70, 0xE9, 0xFB, 0x15, 0x48, 0x2C, 0x6B, 0xFB, 0x17, 0x63, 0x1E, 0x9A, 
            0x87, 0x05, 0xA7, 0x9A, 0xBB, 0xDA, 0xE6, 0x1B, 0xD5, 0xAC, 0x56, 0x58, 0x2F, 0x40, 0x5B, 0x2C, 0x71, 0x1F, 0x86, 0x8B, 
            0x86, 0x86, 0x1A, 0x0E, 0xFB, 0x4B, 0xA0, 0x76, 0xF7, 0x33, 0xD1, 0xF8, 0x5C, 0x77, 0x01, 0x9B, 0xB8, 0xF7, 0x81, 0xDF, 
            0x03, 0x9B, 0xF7, 0x33, 0x15, 0xF7, 0xAE, 0xFB, 0x33, 0xDF, 0xF7, 0x33, 0xE2, 0xD1, 0x34, 0xF8, 0x5C, 0x59, 0x06, 0xFB, 
            0xD0, 0xFC, 0x5B, 0x05, 0xB8, 0x8A, 0x15, 0xF7, 0x81, 0xF7, 0xE4, 0x05, 0xFB, 0xE4, 0x07, 0x0E, 0xFB, 0x4B, 0x7A, 0xB3, 
            0xF8, 0x1C, 0xE0, 0xE9, 0xDA, 0x01, 0xF7, 0xF7, 0xD2, 0x03, 0xC7, 0xF8, 0x33, 0x15, 0xF7, 0x07, 0x86, 0xF7, 0x48, 0x59, 
            0xFB, 0x34, 0x1A, 0xFB, 0x0E, 0x42, 0x54, 0x4A, 0x70, 0x78, 0x9D, 0x9D, 0x77, 0x1E, 0x9D, 0x78, 0x77, 0x9D, 0x6D, 0x1B, 
            0x6C, 0x75, 0x7A, 0x6B, 0x57, 0xE5, 0x80, 0xBD, 0xF7, 0x32, 0xEE, 0xF7, 0x01, 0xF7, 0x19, 0xF7, 0x2D, 0x30, 0xF7, 0x04, 
            0xFB, 0x57, 0x95, 0x1F, 0xAF, 0xE9, 0x05, 0xF7, 0x79, 0x06, 0xB1, 0xE1, 0x7C, 0x90, 0x05, 0x81, 0x81, 0x6E, 0x89, 0x64, 
            0x1B, 0xFB, 0x48, 0x06, 0x0E, 0xFB, 0x4B, 0x7D, 0xA7, 0xF8, 0x04, 0xB9, 0xF7, 0x95, 0x77, 0x01, 0xAD, 0xE8, 0xF7, 0x8F, 
            0xE5, 0x03, 0xF8, 0x51, 0xF9, 0x41, 0x15, 0xFB, 0x85, 0x82, 0xFB, 0x3E, 0xFB, 0x4A, 0xFB, 0x5F, 0x1A, 0xFB, 0x66, 0xF1, 
            0x2C, 0xF7, 0x0A, 0xF7, 0x46, 0xAF, 0xF7, 0x33, 0xD4, 0xF7, 0x1A, 0x3D, 0xD7, 0x22, 0x54, 0x74, 0x7F, 0x6C, 0x52, 0x1E, 
            0xA0, 0xF7, 0x0C, 0xEE, 0xF7, 0x1B, 0xF7, 0x48, 0xA7, 0x08, 0xFB, 0xCE, 0xFB, 0xDC, 0x15, 0xAD, 0xAF, 0xAF, 0x93, 0xB0, 
            0x1B, 0xF2, 0xA9, 0x27, 0x24, 0xFB, 0x05, 0x5D, 0x57, 0x4C, 0x40, 0x48, 0xD5, 0xF7, 0x3C, 0xAD, 0x8C, 0xA5, 0x93, 0xA3, 
            0x1F, 0x0E, 0xFB, 0x4B, 0x92, 0x76, 0xF8, 0xE9, 0xE5, 0x01, 0xF7, 0x43, 0x7B, 0x15, 0xC7, 0x06, 0xF7, 0x69, 0xF9, 0x25, 
            0x05, 0xAB, 0xFB, 0xFF, 0x07, 0x4E, 0xFB, 0x34, 0xA1, 0x82, 0x05, 0xB3, 0xA3, 0xA6, 0xB2, 0xC3, 0x1B, 0xF7, 0x6D, 0x06, 
            0x0E, 0xFB, 0x4B, 0x79, 0xAB, 0xF9, 0x0E, 0xB0, 0x12, 0xC1, 0xD9, 0x45, 0xD1, 0xF7, 0x72, 0xCC, 0x55, 0xD6, 0x13, 0xE4, 
            0xF7, 0x63, 0xF7, 0xCD, 0x15, 0xF7, 0x04, 0x38, 0xB9, 0x6D, 0x41, 0x1A, 0x45, 0x5D, 0x61, 0x4C, 0x3A, 0x60, 0xCC, 0xD8, 
            0xE6, 0xB3, 0xB2, 0xAE, 0xA6, 0x1E, 0x6F, 0xA6, 0x15, 0x34, 0x4A, 0x65, 0x61, 0x34, 0x1A, 0x3D, 0xCF, 0x35, 0xF7, 0x10, 
            0xF7, 0x3A, 0xA7, 0xF7, 0x08, 0xBF, 0xCE, 0x7C, 0xC8, 0xFB, 0x16, 0xE1, 0x1E, 0x13, 0xD8, 0xC1, 0xB1, 0xD1, 0xBC, 0xE7, 
            0x1A, 0xD7, 0x4C, 0xCD, 0xFB, 0x05, 0x35, 0x2C, 0x55, 0x26, 0x3A, 0xAB, 0x69, 0xE0, 0x40, 0x1E, 0xDE, 0xBD, 0x15, 0x68, 
            0xA1, 0x30, 0xC4, 0xD9, 0x1A, 0xBB, 0xAB, 0xC0, 0xD6, 0xD8, 0xAD, 0x55, 0x54, 0x33, 0x56, 0x66, 0x64, 0x73, 0x1E, 0x0E, 
            0xFB, 0x4B, 0x8E, 0x76, 0xF7, 0x8D, 0xB6, 0xF8, 0x0E, 0xAC, 0x01, 0xAA, 0xE6, 0xF7, 0x84, 0xED, 0x03, 0xC2, 0x8D, 0x15, 
            0x90, 0x77, 0x05, 0xF7, 0x8E, 0x98, 0xF7, 0x2A, 0xF7, 0x48, 0xF7, 0x75, 0x1A, 0xF7, 0x3B, 0x2A, 0xF7, 0x0A, 0xFB, 0x0F, 
            0xFB, 0x16, 0x3C, 0xFB, 0x05, 0xFB, 0x19, 0x39, 0xB8, 0xFB, 0x12, 0xF7, 0x1A, 0xBD, 0xC0, 0x9D, 0xB0, 0xB7, 0x1E, 0x87, 
            0x70, 0x54, 0xFB, 0x6D, 0xFB, 0x87, 0x63, 0x08, 0xF7, 0xC3, 0xF7, 0xD8, 0x15, 0x69, 0x6A, 0x61, 0x79, 0x6A, 0x1B, 0x21, 
            0x75, 0xF7, 0x13, 0xD7, 0xDD, 0xA2, 0xE8, 0xDF, 0xF7, 0x17, 0x8D, 0xFB, 0x4F, 0x4A, 0x76, 0x89, 0x69, 0x89, 0x78, 0x1F, 
            0x0E, 0xFC, 0x29, 0x7A, 0xF7, 0x04, 0xF7, 0x91, 0xF7, 0x04, 0x01, 0xDC, 0xF7, 0x04, 0x03, 0xDC, 0xB2, 0x37, 0x0A, 0xF8, 
            0x01, 0x04, 0x22, 0x0A, 0xFC, 0x29, 0xFB, 0x17, 0x76, 0xF7, 0x3B, 0x76, 0xA6, 0x76, 0xF7, 0xF0, 0xF7, 0x04, 0x12, 0xDE, 
            0xF7, 0x1E, 0xFB, 0x15, 0xF7, 0x04, 0x13, 0xD8, 0xDE, 0xB5, 0x15, 0x72, 0x9B, 0x74, 0xB0, 0x90, 0x91, 0x8C, 0x8D, 0x90, 
            0x1E, 0x13, 0xB8, 0x8D, 0x91, 0x91, 0x8C, 0x8F, 0x1B, 0x91, 0x8F, 0x87, 0x80, 0x6F, 0x7B, 0x71, 0x7B, 0x7A, 0x1F, 0x7C, 
            0x7C, 0x7A, 0x7F, 0x7F, 0x83, 0x08, 0x7E, 0x82, 0x85, 0x88, 0x80, 0x1A, 0x86, 0x8D, 0x88, 0x91, 0x8E, 0x8F, 0x8B, 0x8C, 
            0x90, 0x1E, 0x95, 0x8D, 0xB7, 0xAB, 0xA5, 0xAA, 0x08, 0xA8, 0xAE, 0x94, 0xB7, 0xAB, 0x1A, 0xB2, 0x6A, 0xAF, 0x5D, 0x6A, 
            0x71, 0x75, 0x67, 0x1E, 0x13, 0xD4, 0x94, 0xF7, 0xFE, 0x15, 0x22, 0x0A, 0xA0, 0x76, 0xF8, 0x9E, 0x77, 0x01, 0xA5, 0xF7, 
            0x7A, 0x15, 0xF8, 0x85, 0xFB, 0x7A, 0x05, 0xC9, 0x07, 0xFC, 0x45, 0xF7, 0x5B, 0x3E, 0x0A, 0xF7, 0x21, 0xC2, 0xF7, 0x1F, 
            0xC2, 0x01, 0x96, 0xF7, 0xE3, 0x15, 0x3A, 0x0A, 0xFB, 0x8D, 0x04, 0x3A, 0x0A, 0x0E, 0xA0, 0x76, 0xF8, 0x9E, 0x77, 0x01, 
            0xF8, 0x9F, 0xF7, 0x7A, 0x15, 0x51, 0x0A, 0xF8, 0x44, 0xFB, 0x5B, 0xFC, 0x44, 0xFB, 0x5B, 0x05, 0x4D, 0x07, 0x0E, 0xFB, 
            0x83, 0x7A, 0xF7, 0x04, 0xF8, 0xC3, 0xAB, 0x01, 0xF7, 0x42, 0xF7, 0x04, 0xA6, 0xEB, 0x03, 0xF7, 0x74, 0xF7, 0x3B, 0x15, 
            0xA0, 0x06, 0x98, 0xE7, 0xB1, 0xC3, 0xAD, 0xB3, 0x08, 0x9F, 0xA3, 0xC6, 0xD6, 0xD6, 0x1A, 0xBD, 0x77, 0xF6, 0xFB, 0x32, 
            0xFB, 0x05, 0x5B, 0x32, 0x4A, 0x69, 0x9F, 0x68, 0xA8, 0xA1, 0x9B, 0x97, 0xA5, 0x9E, 0x80, 0x99, 0x81, 0x9A, 0x1E, 0x82, 
            0x98, 0x82, 0x99, 0x9E, 0x1A, 0xB2, 0xB9, 0x9F, 0xBE, 0xC1, 0xB7, 0x56, 0x41, 0x4B, 0x76, 0x56, 0x75, 0x51, 0x1E, 0x77, 
            0x53, 0x77, 0x48, 0x85, 0x4D, 0x08, 0x59, 0xFB, 0x14, 0x15, 0x22, 0x0A, 0x4E, 0x0A, 0xE1, 0xD8, 0x03, 0xE1, 0xFB, 0x2F, 
            0x15, 0xF7, 0x69, 0xA4, 0x3C, 0x06, 0x64, 0x79, 0xA3, 0xB0, 0x1F, 0xF9, 0x25, 0x07, 0xB0, 0x9D, 0xA3, 0xB2, 0x1E, 0xDA, 
            0xA4, 0xFB, 0x69, 0x06, 0x0E, 0x4E, 0x0A, 0xF7, 0x3D, 0xD8, 0x03, 0xAC, 0xFB, 0x16, 0x15, 0x72, 0xF7, 0x69, 0xF9, 0xD1, 
            0xFB, 0x69, 0x72, 0xDA, 0x07, 0xB2, 0x9D, 0x73, 0x66, 0x1F, 0xFD, 0x25, 0x07, 0x66, 0x79, 0x73, 0x64, 0x1E, 0x0E, 0xFB, 
            0x4B, 0xFB, 0x90, 0xB9, 0x01, 0x89, 0xFB, 0x62, 0x15, 0x5D, 0xF8, 0x8C, 0xB9, 0x07, 0x0E, 0x4D, 0x0A, 0xF7, 0x4E, 0xD6, 
            0x03, 0xC5, 0xF7, 0x7C, 0x15, 0xC4, 0x7F, 0xD2, 0x8B, 0x27, 0x1A, 0xFB, 0x53, 0x07, 0x39, 0xAC, 0x6D, 0xD8, 0x1E, 0xF0, 
            0xA4, 0x5A, 0x06, 0x52, 0x6D, 0xAA, 0xC3, 0x1F, 0xF7, 0x53, 0x07, 0xDB, 0x28, 0xB4, 0x5B, 0x8E, 0x1E, 0xB8, 0x93, 0xF1, 
            0xAF, 0xDD, 0x1A, 0xF7, 0x53, 0x07, 0xC5, 0xA9, 0xA8, 0xC4, 0x1E, 0xBC, 0xA4, 0x26, 0x06, 0x3F, 0x69, 0x71, 0x35, 0x1F, 
            0xFB, 0x53, 0x07, 0x27, 0x44, 0x8B, 0x52, 0x7F, 0x1E, 0x0E, 0xFC, 0x77, 0xFB, 0x30, 0x76, 0xF9, 0xE6, 0x77, 0x01, 0xCC, 
            0xD1, 0x03, 0xCC, 0xFB, 0x45, 0x15, 0xD1, 0xF9, 0xE6, 0x45, 0x06, 0x0E, 0x4D, 0x0A, 0xF7, 0x6B, 0xD6, 0x03, 0xDA, 0xFB, 
            0x32, 0x15, 0x72, 0xF0, 0x07, 0xD8, 0xAC, 0xA7, 0xDF, 0x1F, 0xF7, 0x53, 0x07, 0xEF, 0xD2, 0x8B, 0xC4, 0x97, 0x1E, 0xA5, 
            0x07, 0x52, 0x97, 0x44, 0x8B, 0xEF, 0x1A, 0xF7, 0x53, 0x07, 0xDD, 0x6B, 0xA9, 0x3D, 0x1E, 0x26, 0x72, 0xBC, 0x06, 0xBD, 
            0xB0, 0x74, 0x4B, 0x1F, 0xFB, 0x53, 0x07, 0x39, 0xF3, 0x65, 0xB6, 0x83, 0x1E, 0x5E, 0x89, 0x25, 0x63, 0x3B, 0x1A, 0xFB, 
            0x53, 0x07, 0x4B, 0x66, 0x74, 0x59, 0x1E, 0x0E, 0xA9, 0xF7, 0x7D, 0xC2, 0x01, 0xF8, 0xF1, 0xC2, 0x03, 0xAE, 0xF7, 0xB4, 
            0x15, 0xF9, 0x05, 0xFB, 0xB4, 0x54, 0xF7, 0x7D, 0xFC, 0xCE, 0x06, 0x0E, 0xFB, 0xAF, 0xF8, 0x15, 0xB4, 0xF7, 0x6E, 0xB4, 
            0x01, 0xBD, 0xB6, 0xF7, 0x6B, 0xB5, 0x03, 0xBD, 0xF8, 0xAB, 0x15, 0x38, 0xCE, 0x48, 0xDE, 0xDD, 0xCF, 0xCE, 0xDE, 0xDD, 
            0x47, 0xCF, 0x39, 0x38, 0x48, 0x49, 0x37, 0x1E, 0xB6, 0x16, 0xC7, 0xB9, 0xBC, 0xC7, 0xC8, 0xBB, 0x5A, 0x4F, 0x4E, 0x5B, 
            0x5B, 0x4F, 0x4E, 0x5D, 0xBB, 0xC8, 0x1E, 0x0E, 0x8B, 0xC2, 0xF7, 0xBE, 0xC2, 0xF7, 0x81, 0x77, 0x01, 0xF7, 0x8B, 0xC2, 
            0x03, 0x95, 0xF7, 0xF5, 0x15, 0xF7, 0x81, 0xFB, 0x82, 0xC2, 0xF7, 0x82, 0xF7, 0x81, 0xC2, 0xFB, 0x81, 0xF7, 0x81, 0x54, 
            0xFB, 0x81, 0xFB, 0x81, 0x06, 0xFC, 0x2C, 0x04, 0xF8, 0xA5, 0xC2, 0xFC, 0xA5, 0x06, 0x0E, 0x20, 0xFB, 0x5E, 0x76, 0xF7, 
            0x61, 0xBD, 0x59, 0xD2, 0xF8, 0x53, 0x77, 0x12, 0xC8, 0xE1, 0xF7, 0x63, 0xE1, 0x13, 0xDC, 0xEC, 0xAA, 0x15, 0x6C, 0x9C, 
            0xBD, 0x79, 0xB4, 0x1B, 0xCA, 0xD3, 0xD2, 0xB1, 0x9A, 0x1F, 0x52, 0x8C, 0xB8, 0x57, 0xCF, 0x1B, 0xD1, 0xA7, 0xC6, 0xC7, 
            0x1F, 0x77, 0x06, 0x72, 0x81, 0x80, 0x5F, 0x67, 0x1B, 0x69, 0x7B, 0xBD, 0xAD, 0x1F, 0xF8, 0x14, 0x35, 0xFB, 0xFE, 0x07, 
            0x13, 0xBC, 0x5D, 0x6F, 0x62, 0x64, 0x5C, 0x1B, 0x4A, 0x71, 0xBF, 0xC9, 0x1F, 0xF7, 0xE1, 0x35, 0xFC, 0x80, 0x07, 0x73, 
            0x88, 0x78, 0x87, 0x7B, 0x1E, 0x83, 0x6B, 0x7E, 0x72, 0x63, 0x1A, 0x66, 0x9E, 0x65, 0xA8, 0xA6, 0x9E, 0xB2, 0xB0, 0xB0, 
            0x7E, 0xA1, 0x82, 0xAF, 0x1E, 0x87, 0x9B, 0x88, 0x9F, 0x8A, 0xA3, 0x08, 0x0E, 0xA8, 0x76, 0xF8, 0x98, 0x77, 0x01, 0x9C, 
            0xB8, 0x15, 0xAF, 0x66, 0xF7, 0x72, 0xF7, 0x72, 0xF7, 0x72, 0xFB, 0x72, 0xAF, 0xB0, 0xFB, 0x70, 0xF7, 0x71, 0xF7, 0x70, 
            0xF7, 0x71, 0x68, 0xB0, 0xFB, 0x73, 0xFB, 0x72, 0xFB, 0x72, 0xF7, 0x72, 0x67, 0x66, 0xF7, 0x70, 0xFB, 0x71, 0x05, 0x0E, 
            0xD2, 0xF7, 0x04, 0xC0, 0xC2, 0xC0, 0xF7, 0x04, 0x01, 0xF7, 0x68, 0xF7, 0x04, 0x14, 0xE0, 0x95, 0xF7, 0x80, 0x15, 0x3A, 
            0x0A, 0xF7, 0x5E, 0xF7, 0x01, 0x37, 0x0A, 0xFB, 0xA5, 0x04, 0x22, 0x0A, 0xFB, 0x4B, 0xF8, 0x0A, 0xAC, 0xF7, 0x91, 0xA5, 
            0x01, 0x8D, 0xDF, 0xF7, 0xDC, 0xDB, 0x03, 0xF0, 0xF8, 0x0A, 0x15, 0xF7, 0x09, 0x06, 0x6D, 0xFB, 0xAB, 0x85, 0x4F, 0x84, 
            0x53, 0x08, 0x6A, 0x87, 0x76, 0xFB, 0x05, 0x53, 0x1B, 0x82, 0x80, 0x8D, 0x90, 0x1F, 0x9A, 0x97, 0x8B, 0xB0, 0x1A, 0x9F, 
            0x78, 0x9E, 0x78, 0x76, 0x72, 0x7D, 0x65, 0x5A, 0xB6, 0x74, 0xB5, 0x1E, 0xE8, 0x8C, 0xB0, 0xE6, 0x9C, 0xD7, 0xA7, 0xF7, 
            0x1C, 0x9C, 0xF7, 0x16, 0xA2, 0xF7, 0x19, 0x08, 0xF7, 0x0E, 0x06, 0x95, 0xAC, 0x05, 0xFB, 0x14, 0x06, 0xF7, 0x3D, 0xA0, 
            0x9C, 0xDF, 0xBE, 0x1B, 0x9B, 0x94, 0x87, 0x83, 0x1F, 0x84, 0x85, 0x7B, 0x81, 0x1A, 0x76, 0x9C, 0x73, 0xA4, 0xA5, 0x97, 
            0x9E, 0xA8, 0xB3, 0x67, 0xA7, 0x6B, 0xFB, 0x26, 0x65, 0xFB, 0x30, 0xFB, 0x0F, 0x7B, 0x1E, 0xFB, 0x04, 0x06, 0x0E, 0xB2, 
            0xA0, 0x76, 0xF7, 0x6E, 0xB5, 0xF8, 0x31, 0x77, 0x01, 0x8F, 0xF7, 0x13, 0xF8, 0x04, 0xF7, 0x4D, 0x03, 0x8F, 0x16, 0xF7, 
            0x54, 0x9D, 0x06, 0x7C, 0x59, 0x90, 0xB5, 0x94, 0x8D, 0x95, 0x8F, 0x97, 0x1F, 0xBB, 0xF7, 0x0E, 0x05, 0xF7, 0x97, 0x06, 
            0xBC, 0xFB, 0x0E, 0x05, 0x8F, 0x7F, 0x8D, 0x81, 0x82, 0x1A, 0x61, 0x59, 0x86, 0x7C, 0x1E, 0x79, 0xF7, 0x8E, 0x9D, 0x07, 
            0x5D, 0x7D, 0xAF, 0xB1, 0x7A, 0x1F, 0xFB, 0x8F, 0xF8, 0xD9, 0x05, 0x71, 0x06, 0xFB, 0x8D, 0xFC, 0xD9, 0x05, 0x67, 0x7B, 
            0x79, 0x65, 0x60, 0x1B, 0xF7, 0x5C, 0xF7, 0x86, 0x15, 0xF7, 0x05, 0xF7, 0xA0, 0xF7, 0x05, 0xFB, 0xA0, 0x05, 0x0E, 0x7B, 
            0x8B, 0xB5, 0xF7, 0xB2, 0xB5, 0xF7, 0x98, 0xB6, 0x12, 0xF7, 0x0B, 0xF3, 0xF7, 0x81, 0xF2, 0x36, 0xF7, 0x06, 0x13, 0xF4, 
            0xA8, 0x16, 0xF7, 0xE7, 0x06, 0xF7, 0x10, 0xEF, 0xD5, 0xF7, 0x02, 0xD6, 0x5D, 0xD0, 0xFB, 0x02, 0xA3, 0x1F, 0x8D, 0x07, 
            0x13, 0xF8, 0xE3, 0xA5, 0xB2, 0xBB, 0xD3, 0x1A, 0xF7, 0x32, 0xFB, 0x32, 0x9A, 0x28, 0x33, 0x0A, 0xF7, 0xF4, 0x15, 0x13, 
            0x78, 0xF7, 0x8F, 0x07, 0x99, 0xD2, 0x86, 0x97, 0xF7, 0x0C, 0xAD, 0x42, 0x4E, 0xFB, 0x0D, 0xFB, 0x0A, 0x86, 0x63, 0x1E, 
            0x3C, 0x61, 0x15, 0xDE, 0x06, 0x13, 0xF4, 0xF1, 0xD1, 0x68, 0xFB, 0x09, 0x3A, 0x4F, 0x56, 0x4B, 0x1F, 0x33, 0x06, 0x61, 
            0x8A, 0xAB, 0xA3, 0x1F, 0x0E, 0x3B, 0xA0, 0x76, 0xF9, 0x08, 0xB8, 0x77, 0x9F, 0x12, 0xF7, 0x11, 0xF3, 0xF7, 0xF7, 0xA4, 
            0x13, 0xD0, 0xA3, 0x16, 0xF7, 0xBB, 0x9D, 0x06, 0x2A, 0x0A, 0x13, 0x58, 0xF8, 0xAC, 0xF7, 0x54, 0x07, 0xEA, 0xCC, 0x6A, 
            0x37, 0x8E, 0x1F, 0xA4, 0x06, 0x7A, 0xF7, 0x36, 0x05, 0xFC, 0xCC, 0x06, 0x13, 0xB0, 0x77, 0x07, 0x9F, 0x8A, 0xDC, 0x86, 
            0x23, 0x1A, 0xFC, 0x57, 0x07, 0x54, 0x5D, 0x78, 0x54, 0x1E, 0x0E, 0x43, 0x8B, 0xB9, 0xF7, 0xB3, 0xB5, 0xF7, 0x8E, 0xBB, 
            0x79, 0x9D, 0x12, 0xF7, 0x0E, 0xF3, 0xF7, 0x96, 0xA2, 0xA8, 0xA6, 0x13, 0xEE, 0xAB, 0x16, 0xF8, 0xA9, 0x06, 0xB9, 0xF7, 
            0x3E, 0x05, 0x6C, 0x06, 0x58, 0x73, 0x72, 0x42, 0x21, 0x1B, 0xFB, 0x33, 0x06, 0x76, 0x78, 0x99, 0xAE, 0x1F, 0xF7, 0x82, 
            0xF7, 0x30, 0x07, 0xDB, 0xA1, 0x69, 0x4F, 0x1F, 0xA2, 0xF7, 0x7A, 0x74, 0x06, 0x4F, 0x75, 0x69, 0x3B, 0x1E, 0xFB, 0x30, 
            0xF7, 0x8E, 0xF7, 0x6B, 0x06, 0xE1, 0x87, 0x55, 0x5D, 0x98, 0x1F, 0xA6, 0xF7, 0x28, 0xFC, 0xA7, 0x06, 0x13, 0xDC, 0x79, 
            0x07, 0x25, 0x0A, 0x0E, 0x43, 0x8B, 0xB5, 0xF8, 0xE1, 0xB5, 0x01, 0xB7, 0xF8, 0xE4, 0x03, 0xB7, 0x16, 0xF8, 0xCB, 0x06, 
            0xA4, 0xF7, 0x49, 0x05, 0x6E, 0x06, 0x5C, 0x7D, 0x78, 0x2F, 0xFB, 0x1F, 0x1B, 0xFB, 0x87, 0x06, 0xF8, 0x31, 0xF8, 0xF0, 
            0x05, 0xA6, 0xFC, 0x9E, 0x07, 0x7C, 0xFB, 0x43, 0x05, 0xA4, 0x06, 0xD1, 0x9F, 0x9A, 0xCA, 0xF7, 0x12, 0x1B, 0xF7, 0x6F, 
            0x06, 0xFC, 0x41, 0xFC, 0xF8, 0x05, 0x0E, 0xB2, 0xA0, 0x76, 0xF7, 0xD7, 0xB5, 0xF7, 0xC8, 0x77, 0x01, 0xF7, 0x15, 0xF3, 
            0xF7, 0xC2, 0xF3, 0x03, 0xB2, 0x24, 0x0A, 0xF7, 0x7B, 0xF7, 0xC2, 0xFB, 0x7B, 0x27, 0x0A, 0x79, 0xF7, 0xB0, 0x9D, 0x07, 
            0x2A, 0x0A, 0xF8, 0x7D, 0x07, 0x3C, 0x0A, 0xFB, 0x6C, 0xFB, 0xC2, 0xF7, 0x6C, 0x26, 0x0A, 0xC5, 0x7A, 0xB2, 0xF7, 0xAE, 
            0xCE, 0xF7, 0xA5, 0xB2, 0x01, 0xB4, 0xF7, 0x06, 0xF8, 0x50, 0xF7, 0x08, 0x03, 0xB4, 0xF7, 0xE6, 0x15, 0xFB, 0x42, 0xF7, 
            0x14, 0xFB, 0x49, 0xF7, 0x63, 0xF7, 0x63, 0xF7, 0x18, 0xF7, 0x49, 0xF7, 0x42, 0xF7, 0x3E, 0xFB, 0x1B, 0xF7, 0x43, 0xFB, 
            0x60, 0xFB, 0x60, 0xFB, 0x17, 0xFB, 0x43, 0xFB, 0x3E, 0x1E, 0xF7, 0x06, 0x16, 0xF7, 0x22, 0xBC, 0xF7, 0x38, 0xF7, 0x40, 
            0xF7, 0x41, 0xBD, 0xFB, 0x38, 0xFB, 0x22, 0xFB, 0x1A, 0x50, 0xFB, 0x4A, 0xFB, 0x38, 0xFB, 0x3D, 0x57, 0xF7, 0x4A, 0xF7, 
            0x1A, 0x1E, 0xD9, 0x35, 0x15, 0x9A, 0x8A, 0x05, 0xAD, 0x96, 0x9E, 0x9E, 0xB0, 0x1B, 0xF7, 0x12, 0x06, 0xB0, 0x9E, 0x78, 
            0x69, 0x96, 0x1F, 0x9A, 0x8C, 0x05, 0x87, 0xAC, 0x89, 0xA7, 0xA4, 0x1A, 0xA4, 0x8D, 0xA7, 0x8F, 0xAB, 0x1E, 0x7C, 0x8C, 
            0x05, 0x6A, 0x80, 0x78, 0x77, 0x66, 0x1B, 0xFB, 0x12, 0x06, 0x66, 0x78, 0x9F, 0xAC, 0x80, 0x1F, 0x7C, 0x8A, 0x05, 0x8F, 
            0x6B, 0x8D, 0x6F, 0x72, 0x1A, 0x72, 0x89, 0x6F, 0x87, 0x6A, 0x1E, 0x0E, 0xFB, 0xF2, 0x3B, 0x0A, 0xF7, 0x0E, 0xF3, 0x03, 
            0xAB, 0x24, 0x0A, 0xF8, 0x7D, 0x26, 0x0A, 0xB2, 0x3B, 0x0A, 0xF7, 0x11, 0xF3, 0xF7, 0x9A, 0xF7, 0x42, 0x03, 0xAE, 0x24, 
            0x0A, 0xF7, 0x61, 0x07, 0xAC, 0xA9, 0xF7, 0x66, 0xFB, 0x81, 0x05, 0x9A, 0x79, 0x93, 0x7D, 0x80, 0x1A, 0x77, 0x72, 0x82, 
            0x57, 0x1E, 0x79, 0xF7, 0xC4, 0x9D, 0x07, 0x6A, 0x91, 0x73, 0x88, 0x43, 0xDC, 0xFB, 0x95, 0xF7, 0xB6, 0x18, 0xD5, 0xD0, 
            0xBD, 0xBB, 0xCD, 0xD0, 0x08, 0xC5, 0xC6, 0xAE, 0x9E, 0xB8, 0x1B, 0x9D, 0xFB, 0x98, 0x79, 0x07, 0xBD, 0xAF, 0x81, 0x74, 
            0x80, 0x84, 0x7C, 0x79, 0x79, 0x1F, 0x3F, 0x3D, 0x3D, 0x43, 0x38, 0x47, 0x08, 0xF7, 0x71, 0x26, 0x0A, 0x8E, 0x8B, 0x9D, 
            0xF9, 0x28, 0x77, 0x01, 0x91, 0xF7, 0x28, 0xF7, 0xDD, 0xF7, 0x59, 0x03, 0x91, 0x16, 0xF7, 0x6B, 0x9D, 0x06, 0x6D, 0x66, 
            0x91, 0xB4, 0x97, 0x8E, 0x9A, 0x92, 0x9E, 0x1F, 0xF7, 0x26, 0xF8, 0x15, 0xF7, 0x36, 0xFC, 0x17, 0x05, 0x91, 0x7C, 0x90, 
            0x75, 0x81, 0x1A, 0x5F, 0x51, 0x8B, 0x7A, 0x1E, 0x79, 0xF7, 0xA4, 0x9D, 0x07, 0x80, 0x53, 0xA1, 0xD0, 0x6D, 0x1F, 0xFB, 
            0x87, 0xF8, 0xCD, 0x05, 0x83, 0x06, 0xFB, 0x6C, 0xFC, 0xCB, 0x05, 0x52, 0x74, 0x46, 0x67, 0x79, 0x1B, 0x0E, 0xF7, 0x62, 
            0x3B, 0x0A, 0xF7, 0x0D, 0xBC, 0xF8, 0x9F, 0xF3, 0x03, 0xA7, 0x16, 0xF7, 0x7C, 0x9D, 0x06, 0x58, 0x64, 0xA6, 0xBA, 0x1F, 
            0xF8, 0x57, 0x07, 0xF7, 0x98, 0xFC, 0xB3, 0x05, 0x9D, 0x06, 0xF7, 0x89, 0xF8, 0xD0, 0x05, 0xFC, 0x74, 0x27, 0x0A, 0x79, 
            0xF7, 0xB0, 0x9D, 0x07, 0x54, 0x68, 0x94, 0xCC, 0x1F, 0xF8, 0x76, 0x07, 0xD2, 0xC8, 0x95, 0xA8, 0x1E, 0x9D, 0xFB, 0x5C, 
            0x07, 0xFB, 0x74, 0xFC, 0x92, 0xFB, 0x7E, 0xF8, 0x92, 0x05, 0xFB, 0x5D, 0x79, 0x06, 0xDA, 0x85, 0x99, 0x65, 0x49, 0x1A, 
            0xFC, 0x59, 0x07, 0x5C, 0x61, 0x70, 0x58, 0x1E, 0x0E, 0xB2, 0x98, 0x76, 0xF9, 0x3D, 0x77, 0x01, 0xF7, 0x0B, 0xBC, 0xF8, 
            0x31, 0xBC, 0x03, 0xA8, 0x83, 0x15, 0xF7, 0x79, 0x9D, 0x06, 0x58, 0x64, 0xA6, 0xBA, 0x1F, 0xF8, 0x5B, 0x07, 0xF8, 0x4C, 
            0xFC, 0xB7, 0x05, 0xA1, 0xF8, 0xE1, 0x06, 0x31, 0x0A, 0xFB, 0x79, 0x45, 0x0A, 0xFC, 0x20, 0x07, 0xFC, 0x13, 0xF8, 0x7C, 
            0x05, 0xFB, 0x3D, 0x79, 0x06, 0xBE, 0x94, 0x79, 0x69, 0xA9, 0x1F, 0xFC, 0x9B, 0x07, 0x5C, 0x64, 0x70, 0x58, 0x1E, 0x0E, 
            0x65, 0x8B, 0xE8, 0xF7, 0x69, 0xEA, 0xF7, 0x4A, 0xE5, 0x01, 0xAF, 0x9D, 0xE8, 0x9D, 0xF7, 0xC9, 0x9D, 0xE4, 0x9D, 0x03, 
            0xC7, 0xF8, 0x9E, 0x15, 0x9B, 0x06, 0x9D, 0x8E, 0x8D, 0xB6, 0xCD, 0x1B, 0xF7, 0xEC, 0x06, 0xCD, 0x8E, 0x60, 0x79, 0x8E, 
            0x1F, 0x9B, 0xF7, 0x2B, 0xFC, 0x9B, 0x06, 0xE2, 0xFC, 0x3B, 0x15, 0x9D, 0x06, 0xBB, 0x8E, 0xA3, 0x93, 0xAE, 0x1B, 0xF7, 
            0x4D, 0x06, 0xAE, 0xA3, 0x83, 0x5B, 0x8E, 0x1F, 0x9D, 0xF7, 0x63, 0x79, 0x06, 0x5B, 0x88, 0x73, 0x83, 0x68, 0x1B, 0xFB, 
            0x4D, 0x06, 0x68, 0x73, 0x93, 0xBB, 0x88, 0x1F, 0x79, 0x06, 0xFB, 0x03, 0xFC, 0x5D, 0x15, 0xF8, 0xC7, 0xF7, 0x56, 0x79, 
            0x06, 0x47, 0x82, 0x7B, 0x6A, 0x43, 0x1B, 0xFB, 0xDD, 0x06, 0x43, 0x77, 0xAC, 0xCF, 0x82, 0x1F, 0x79, 0x06, 0x0E, 0xB2, 
            0x7A, 0xB2, 0xF9, 0x04, 0xB2, 0x01, 0xB4, 0xF7, 0x08, 0xF8, 0x4F, 0xF7, 0x07, 0x03, 0xB4, 0xF7, 0xE4, 0x15, 0xFB, 0x42, 
            0xF7, 0x16, 0xFB, 0x47, 0xF7, 0x63, 0xF7, 0x63, 0xF7, 0x16, 0xF7, 0x47, 0xF7, 0x42, 0xF7, 0x3E, 0xFB, 0x19, 0xF7, 0x47, 
            0xFB, 0x60, 0xFB, 0x60, 0xFB, 0x19, 0xFB, 0x47, 0xFB, 0x3E, 0x1E, 0xF7, 0x08, 0x16, 0xF7, 0x1B, 0xC6, 0xF7, 0x43, 0xF7, 
            0x36, 0xF7, 0x3B, 0xC2, 0xFB, 0x3F, 0xFB, 0x20, 0xFB, 0x1B, 0x53, 0xFB, 0x46, 0xFB, 0x3A, 0xFB, 0x3C, 0x56, 0xF7, 0x48, 
            0xF7, 0x1A, 0x1E, 0x0E, 0xE0, 0xA0, 0x76, 0xF9, 0x0C, 0xB4, 0x79, 0x9D, 0x12, 0xF7, 0x07, 0xF2, 0xF7, 0xE1, 0xF2, 0x13, 
            0xD8, 0xA4, 0x24, 0x0A, 0x8A, 0xF8, 0xB0, 0x05, 0xF7, 0xE1, 0xFC, 0xB0, 0x06, 0x28, 0x0A, 0x79, 0xF7, 0xB0, 0x9D, 0x07, 
            0x2A, 0x0A, 0x8A, 0xF8, 0x6F, 0x05, 0x13, 0xB8, 0xD4, 0xCC, 0x9A, 0xA5, 0x1E, 0x9D, 0xFD, 0x64, 0x79, 0x07, 0xA5, 0xCB, 
            0x7C, 0x42, 0x1F, 0xFC, 0x6F, 0x39, 0x0A, 0xFB, 0x13, 0xA0, 0x76, 0xF7, 0xC0, 0xB4, 0xF7, 0xB8, 0xB3, 0x79, 0x9D, 0x12, 
            0xF7, 0x0A, 0xF3, 0xF7, 0x6A, 0xF6, 0x13, 0xDC, 0xA7, 0x24, 0x0A, 0xF7, 0x64, 0x07, 0xF7, 0xBE, 0x8A, 0xA2, 0xD5, 0xF7, 
            0x0F, 0x1A, 0xF7, 0x05, 0x6A, 0xCB, 0xFB, 0x61, 0x33, 0x0A, 0xF7, 0xE3, 0x15, 0xF7, 0x94, 0x07, 0x13, 0xEC, 0x9E, 0x9D, 
            0x90, 0x9C, 0x1E, 0xF7, 0x09, 0x8C, 0xC9, 0x77, 0xFB, 0x0A, 0x1A, 0xFB, 0x12, 0x6B, 0x6E, 0xFB, 0x2D, 0x7F, 0x81, 0x92, 
            0x90, 0x84, 0x1E, 0x0E, 0x30, 0x8B, 0xE9, 0xF8, 0xA9, 0xB9, 0x01, 0x90, 0x16, 0xF8, 0xB7, 0x06, 0xB0, 0xF7, 0x61, 0x05, 
            0x77, 0x06, 0x2A, 0x6D, 0x5C, 0x7D, 0x4B, 0x1B, 0xFB, 0xAF, 0x06, 0xF7, 0x80, 0xF7, 0xA7, 0xFB, 0x5D, 0xF7, 0x96, 0x05, 
            0xF7, 0x66, 0x06, 0xEE, 0xA6, 0x48, 0x65, 0x95, 0x1F, 0x9E, 0x06, 0x81, 0xF7, 0x2B, 0x05, 0xFC, 0x9A, 0x06, 0xF7, 0xA1, 
            0xFB, 0xEE, 0x05, 0x0E, 0x43, 0xA0, 0x76, 0xF9, 0x0E, 0xB2, 0x01, 0xAE, 0xA3, 0xF7, 0x65, 0xF3, 0xF7, 0x65, 0xA2, 0x03, 
            0xF7, 0x46, 0x24, 0x0A, 0xF8, 0xB2, 0x07, 0xF7, 0x0C, 0x8C, 0xE5, 0x6F, 0x8A, 0x20, 0xA5, 0x8D, 0x18, 0x86, 0xF7, 0x3F, 
            0x05, 0xFC, 0xC8, 0x06, 0x86, 0xFB, 0x3F, 0xA5, 0x89, 0x8C, 0xF6, 0xDB, 0xA7, 0xF7, 0x14, 0x8A, 0x19, 0xFC, 0xB2, 0x39, 
            0x0A, 0x92, 0x3B, 0x0A, 0xF7, 0xBA, 0xF3, 0x03, 0xF7, 0x60, 0x24, 0x0A, 0xF7, 0x60, 0x07, 0xF7, 0x4D, 0xF7, 0xBE, 0x05, 
            0xCA, 0xB2, 0xB0, 0x89, 0xAE, 0x1B, 0x9D, 0xFB, 0x7C, 0x79, 0x07, 0xBF, 0x9B, 0x7F, 0x7C, 0x81, 0x84, 0x7E, 0x84, 0x80, 
            0x1F, 0xFB, 0x20, 0xFB, 0x7B, 0xFB, 0x30, 0xF7, 0x83, 0x05, 0x85, 0x95, 0x88, 0x94, 0x92, 0x1A, 0x9D, 0xA5, 0x94, 0xBF, 
            0x1E, 0x9D, 0xFB, 0xBD, 0x79, 0x07, 0xC0, 0xAC, 0x64, 0x7B, 0x97, 0x1F, 0xF7, 0x60, 0xFB, 0xC0, 0x05, 0xFB, 0x64, 0x39, 
            0x0A, 0xDB, 0x8B, 0x9D, 0xE2, 0xAE, 0xF8, 0x21, 0xAA, 0xE2, 0x9D, 0x01, 0xA5, 0xF7, 0x0D, 0xF7, 0x4F, 0xF1, 0xF7, 0x4F, 
            0xF7, 0x0A, 0x03, 0xF7, 0x7C, 0x16, 0xF7, 0xC6, 0x9D, 0x06, 0x32, 0x7E, 0xB4, 0xB9, 0x1F, 0xF7, 0x21, 0x8A, 0xF7, 0x38, 
            0xD5, 0xF7, 0x2D, 0x1A, 0xF7, 0x23, 0xFB, 0x2B, 0xE9, 0xFB, 0x2E, 0x1E, 0xB9, 0x97, 0xB4, 0xE4, 0x1E, 0x9D, 0xFB, 0xC4, 
            0x79, 0x07, 0xE4, 0x97, 0x62, 0x5D, 0x1F, 0xFB, 0x37, 0xFB, 0x25, 0x2F, 0xFB, 0x25, 0xFB, 0x2F, 0xF7, 0x35, 0x43, 0xF7, 
            0x27, 0x8C, 0x1F, 0x5D, 0x7E, 0x62, 0x32, 0x1E, 0xF7, 0x60, 0xF7, 0x0E, 0x15, 0xF8, 0x21, 0x07, 0xF7, 0x04, 0xD6, 0x31, 
            0xFB, 0x08, 0x3D, 0x5A, 0xFB, 0x05, 0xFB, 0x1E, 0x1F, 0x25, 0x16, 0xFB, 0x1C, 0x58, 0xF7, 0x04, 0xDA, 0xF7, 0x01, 0xCE, 
            0xEB, 0xF7, 0x0C, 0x8C, 0x1F, 0x0E, 0xB2, 0xA0, 0x76, 0xF9, 0x35, 0x77, 0x12, 0x82, 0xF7, 0x38, 0xFB, 0x38, 0xF9, 0x5D, 
            0xFB, 0x46, 0xF7, 0x35, 0x13, 0xE8, 0x82, 0x16, 0xF7, 0x7A, 0x9D, 0x06, 0x59, 0x7B, 0x9F, 0xA0, 0x95, 0x90, 0x96, 0x92, 
            0x94, 0x1F, 0xF7, 0x39, 0xF7, 0x5F, 0xF7, 0x21, 0xFB, 0x67, 0x05, 0x91, 0x81, 0x8E, 0x82, 0x83, 0x1A, 0x76, 0x72, 0x7C, 
            0x56, 0x1E, 0x79, 0x07, 0x13, 0xD0, 0xF7, 0xC0, 0x9D, 0x06, 0x62, 0x5F, 0xB9, 0x9B, 0x7F, 0x1F, 0xFB, 0x67, 0xF7, 0xBB, 
            0xF7, 0x42, 0xF7, 0x65, 0x05, 0x13, 0xF0, 0xAE, 0xA9, 0xC7, 0xAF, 0xA6, 0x1B, 0x9D, 0xFB, 0x7C, 0x79, 0x07, 0xC0, 0x9D, 
            0x7E, 0x7A, 0x7D, 0x83, 0x7C, 0x82, 0x7F, 0x1F, 0xFB, 0x20, 0xFB, 0x3F, 0xFB, 0x0F, 0xF7, 0x47, 0x05, 0x84, 0x96, 0x89, 
            0x95, 0x94, 0x1A, 0x9F, 0xA4, 0x98, 0xC0, 0x1E, 0x9D, 0xFB, 0xC0, 0x79, 0x07, 0xB8, 0xB7, 0x5B, 0x7B, 0x97, 0x1F, 0xF7, 
            0x51, 0xFB, 0x96, 0xFB, 0x5D, 0xFB, 0x88, 0x05, 0x66, 0x6C, 0x51, 0x69, 0x73, 0x1B, 0x0E, 0xF7, 0x04, 0xA0, 0x76, 0xF7, 
            0xB6, 0xB3, 0xF7, 0xD9, 0x9D, 0x96, 0x77, 0x12, 0xD2, 0xF7, 0x07, 0xF7, 0x34, 0xF3, 0xF7, 0x34, 0xF7, 0x07, 0x14, 0x0E, 
            0x13, 0xDE, 0xF7, 0x94, 0x24, 0x0A, 0xF7, 0x5A, 0x07, 0xF7, 0x1B, 0xF7, 0x20, 0xAD, 0xF7, 0x20, 0xF7, 0x05, 0x82, 0xE4, 
            0xCC, 0x1F, 0x9D, 0x07, 0xFB, 0x19, 0x65, 0x3A, 0xFB, 0x1B, 0xFB, 0x12, 0x29, 0x80, 0x4D, 0x8A, 0x1F, 0xF7, 0x8F, 0x07, 
            0x13, 0xEE, 0x3C, 0x0A, 0xFB, 0x8F, 0x07, 0x4D, 0x8C, 0x29, 0x96, 0xF7, 0x12, 0x1A, 0x13, 0xDE, 0xF7, 0x1E, 0x6C, 0xD9, 
            0xFB, 0x20, 0x1E, 0x79, 0x07, 0xD2, 0x7C, 0x33, 0xFB, 0x06, 0xFB, 0x21, 0xF7, 0x1F, 0x6A, 0xF7, 0x1C, 0x1F, 0xFB, 0x5A, 
            0x39, 0x0A, 0x57, 0x79, 0xAD, 0x69, 0xD1, 0xF8, 0x26, 0xB9, 0x12, 0xB4, 0xF5, 0x13, 0x70, 0xF8, 0x4E, 0xF6, 0x15, 0x49, 
            0xAE, 0xA5, 0x50, 0xB7, 0x1B, 0xD4, 0x8D, 0xF7, 0x04, 0xB6, 0x1F, 0x79, 0x06, 0x7D, 0x8C, 0x76, 0x44, 0x6B, 0x1B, 0x69, 
            0x6B, 0xCB, 0xC1, 0x7D, 0x1F, 0xF7, 0x07, 0xF7, 0xDE, 0x05, 0x33, 0x06, 0x4B, 0xFB, 0x53, 0x05, 0xDC, 0x7C, 0x55, 0xF7, 
            0x02, 0xFB, 0x02, 0x1B, 0xFB, 0x22, 0x42, 0xFB, 0x00, 0xFB, 0x13, 0xFB, 0x35, 0xAF, 0xFB, 0x0E, 0xF7, 0x3B, 0xEA, 0xE1, 
            0xEB, 0xA8, 0x9C, 0x1F, 0x68, 0xF7, 0x08, 0x15, 0x13, 0xB0, 0x20, 0x70, 0x40, 0x27, 0x4F, 0x1B, 0x2B, 0x89, 0xF7, 0x42, 
            0xD4, 0xF4, 0x92, 0xE1, 0xF3, 0xD1, 0xCC, 0xFB, 0x28, 0x38, 0x99, 0x1F, 0x0E, 0xFB, 0x5E, 0x76, 0xF7, 0x61, 0xBB, 0xF8, 
            0x05, 0xC2, 0xF7, 0x91, 0xAD, 0x12, 0xD8, 0xD9, 0xF7, 0x61, 0xF2, 0x56, 0xF4, 0x13, 0xFA, 0xF7, 0x32, 0xB0, 0x15, 0xBD, 
            0x65, 0xC9, 0x79, 0xC6, 0x8C, 0x08, 0xE8, 0x8C, 0xE8, 0xDA, 0xF7, 0x1E, 0x1A, 0xF2, 0x55, 0xE1, 0x2F, 0xB6, 0x1E, 0x13, 
            0xFC, 0xC8, 0xA2, 0xAC, 0xC7, 0xC8, 0x1A, 0xF7, 0x07, 0x34, 0xBD, 0xFB, 0x00, 0x3C, 0xFB, 0x04, 0x51, 0x28, 0x1E, 0xFD, 
            0x23, 0x07, 0x58, 0x80, 0x59, 0x86, 0x58, 0x1E, 0xE2, 0x06, 0x8E, 0xA4, 0x90, 0xA4, 0xA4, 0x1A, 0x8A, 0xF7, 0x85, 0x15, 
            0xF8, 0x8C, 0x07, 0xC7, 0xBC, 0xBD, 0xC0, 0xD6, 0xA6, 0x4F, 0x49, 0x8C, 0x1E, 0x5C, 0x8C, 0x7B, 0x3B, 0x65, 0x7A, 0x77, 
            0x91, 0x74, 0x1B, 0x77, 0x78, 0x81, 0x74, 0x73, 0x9E, 0x81, 0xA0, 0x1F, 0xA3, 0x9E, 0x91, 0x9F, 0x1B, 0x13, 0xFA, 0xC0, 
            0xB9, 0xFB, 0x3A, 0x4B, 0x40, 0x6A, 0x4B, 0x31, 0x59, 0x54, 0xA6, 0xAF, 0x70, 0x1F, 0x0E, 0xFB, 0xA4, 0xFB, 0x60, 0x76, 
            0xF9, 0x1B, 0xD8, 0x01, 0x90, 0x9B, 0xF7, 0x32, 0xF7, 0x0B, 0x03, 0xF7, 0x83, 0xC7, 0x15, 0x78, 0x5A, 0x62, 0x2B, 0x45, 
            0x1A, 0x63, 0x9E, 0x6D, 0xA7, 0xBD, 0xA1, 0xCA, 0xC1, 0xCF, 0x7C, 0xD4, 0x88, 0xA4, 0x1E, 0xF7, 0x60, 0xF8, 0x4D, 0x05, 
            0x23, 0x06, 0xFB, 0x05, 0xFB, 0xF9, 0x05, 0x89, 0x06, 0xE8, 0x79, 0x6C, 0xF7, 0x9C, 0xFB, 0x00, 0x1B, 0x4C, 0x65, 0x54, 
            0x3D, 0x8A, 0x1F, 0x74, 0x8B, 0x77, 0x8A, 0x7B, 0x1E, 0x9B, 0x06, 0xB3, 0x8E, 0x9A, 0xD6, 0xC0, 0x1B, 0xEF, 0xAD, 0xFB, 
            0x9F, 0x2C, 0x98, 0x1F, 0x0E, 0xFB, 0x51, 0x78, 0xBA, 0xF9, 0x34, 0xB3, 0x12, 0xB3, 0xEE, 0x61, 0xBC, 0xF7, 0x82, 0xEC, 
            0x13, 0xE8, 0xF7, 0x93, 0xF8, 0x53, 0x15, 0xFB, 0x2B, 0x68, 0x4B, 0x34, 0xFB, 0x17, 0x1A, 0x25, 0xE7, 0xFB, 0x03, 0xF7, 
            0x18, 0xF7, 0x0B, 0xED, 0xF7, 0x00, 0xF7, 0x08, 0xF7, 0x0F, 0x54, 0xCF, 0x43, 0xC4, 0x1E, 0x13, 0xD8, 0x21, 0xDE, 0x25, 
            0xB9, 0xCF, 0x1A, 0xA7, 0xB1, 0xA1, 0xAD, 0xB2, 0xA4, 0x7B, 0x77, 0x9D, 0x1E, 0x6B, 0xA9, 0x9A, 0x60, 0xB5, 0x1B, 0xA8, 
            0xA3, 0x9C, 0xAA, 0xCF, 0xFB, 0x0A, 0xAE, 0x3D, 0x4B, 0x38, 0x78, 0x40, 0x33, 0xF7, 0x02, 0x58, 0xBB, 0x4F, 0x1F, 0xAA, 
            0x6E, 0x15, 0x97, 0x88, 0xE6, 0x24, 0x86, 0xFB, 0x02, 0x08, 0x32, 0x87, 0x5F, 0x36, 0x41, 0x1B, 0x66, 0x6D, 0xA4, 0xAD, 
            0x77, 0x1F, 0x13, 0xE8, 0x76, 0xAE, 0x7C, 0xB7, 0xB1, 0x1A, 0xEF, 0xB0, 0xE0, 0xF7, 0x02, 0xA8, 0x1E, 0x0E, 0xFB, 0x88, 
            0x78, 0xB9, 0xF7, 0x58, 0xBA, 0x64, 0xBC, 0xF7, 0x4E, 0xAF, 0x12, 0xA1, 0xF3, 0x30, 0xE6, 0x13, 0xB8, 0xF7, 0x19, 0xF7, 
            0x90, 0x15, 0x65, 0x86, 0x42, 0x66, 0x30, 0x1A, 0x28, 0xF7, 0x04, 0x64, 0xE6, 0xF7, 0x04, 0xE5, 0xA7, 0xED, 0x1E, 0x71, 
            0x92, 0x05, 0x49, 0x77, 0x63, 0x76, 0x4F, 0x1B, 0x4D, 0x8A, 0x2E, 0xA6, 0xDB, 0x1A, 0xC5, 0xB0, 0xB3, 0xCE, 0x1E, 0x13, 
            0xD8, 0xA6, 0x97, 0x83, 0xB0, 0x1B, 0x9D, 0x9B, 0x94, 0xA2, 0x1F, 0x13, 0xB8, 0x9D, 0x79, 0x92, 0x79, 0x1E, 0x13, 0xD4, 
            0x67, 0x7C, 0x81, 0x6F, 0x1B, 0x5A, 0x5A, 0xB1, 0xCF, 0xB2, 0xB3, 0xBE, 0xC0, 0x1F, 0xAF, 0x8C, 0xAB, 0x76, 0x92, 0x6E, 
            0x08, 0x5C, 0x96, 0xA8, 0x86, 0x9E, 0x1B, 0xA4, 0x9C, 0xA2, 0xA5, 0xC5, 0x30, 0xA9, 0x53, 0x37, 0xFB, 0x16, 0x67, 0x20, 
            0x1F, 0x8C, 0x55, 0xB7, 0x69, 0xC0, 0x78, 0x08, 0x0E, 0xFB, 0x51, 0xFB, 0x75, 0xEF, 0xF7, 0x17, 0xED, 0xF9, 0x20, 0x77, 
            0x12, 0xC7, 0xBB, 0x85, 0xC6, 0xF7, 0x9C, 0xB5, 0x13, 0xF4, 0xF7, 0x59, 0xF8, 0xDC, 0x15, 0x3C, 0x33, 0x51, 0xFB, 0x35, 
            0x2D, 0x1A, 0xFB, 0x54, 0xF7, 0x00, 0x60, 0xF7, 0x44, 0xB8, 0xAF, 0x77, 0x62, 0x70, 0x76, 0x43, 0x51, 0x98, 0x1E, 0x8E, 
            0x7C, 0x68, 0x98, 0x72, 0x1B, 0x63, 0x7D, 0x6F, 0x77, 0x63, 0xC0, 0x7F, 0xAA, 0xF1, 0xCB, 0xD9, 0xF7, 0x0D, 0xF7, 0x12, 
            0xFB, 0x13, 0x8F, 0xFB, 0x02, 0xFB, 0x02, 0x7F, 0xEC, 0xB7, 0xF7, 0x20, 0xCE, 0xF7, 0x02, 0xCC, 0xE2, 0x1F, 0xBE, 0x86, 
            0xF7, 0x23, 0xBC, 0xC5, 0x1A, 0xAB, 0x77, 0x9A, 0x73, 0x4F, 0x27, 0x25, 0x7C, 0x7F, 0x1E, 0x13, 0xEC, 0x72, 0x8E, 0x6B, 
            0xA2, 0xAE, 0x1A, 0xB2, 0xB5, 0x9E, 0x96, 0x90, 0x1E, 0x89, 0x9D, 0x05, 0x67, 0x41, 0x58, 0x5D, 0x72, 0xA1, 0x66, 0xD4, 
            0x7E, 0x1F, 0x0E, 0x3B, 0xFB, 0x49, 0x76, 0xF7, 0x73, 0x76, 0xF8, 0x4F, 0xD2, 0x62, 0x76, 0x12, 0x8B, 0x9D, 0xF2, 0xE0, 
            0xF7, 0x61, 0xE4, 0x13, 0xEE, 0xF7, 0x0D, 0x16, 0xE0, 0xF7, 0xEB, 0x06, 0xB7, 0x9E, 0xAC, 0xC3, 0xBE, 0x1B, 0xC6, 0xB3, 
            0x74, 0x41, 0x8E, 0x1F, 0x99, 0xFC, 0x5C, 0x8D, 0x56, 0x92, 0x7C, 0x8F, 0x73, 0x19, 0xE4, 0x06, 0x82, 0x9E, 0x84, 0xB7, 
            0x97, 0x1A, 0x80, 0xF8, 0x85, 0x05, 0xDA, 0x89, 0x5B, 0xCC, 0x39, 0x1B, 0x40, 0x4F, 0x6F, 0x33, 0x6D, 0x1F, 0xBF, 0x8E, 
            0x6C, 0xC3, 0x53, 0x1B, 0x36, 0x69, 0x39, 0x4B, 0x1F, 0x9D, 0x06, 0x13, 0xDE, 0xA9, 0x8C, 0xA0, 0xC9, 0xAE, 0x1B, 0xB3, 
            0x91, 0x52, 0x58, 0x1F, 0x0E, 0xFB, 0x36, 0x7A, 0xB1, 0xF7, 0xBB, 0xBF, 0xF7, 0xB4, 0xAD, 0x01, 0xB6, 0xF1, 0xF7, 0x86, 
            0xED, 0x03, 0xF7, 0x9F, 0x7A, 0x15, 0xF7, 0x3F, 0xBA, 0xF7, 0x71, 0xF7, 0x1D, 0xF7, 0x24, 0x4F, 0xF7, 0x61, 0xFB, 0x34, 
            0xFB, 0x35, 0x4E, 0xFB, 0x70, 0xFB, 0x11, 0xFB, 0x18, 0xC5, 0xFB, 0x7A, 0xF7, 0x3A, 0x1F, 0xFB, 0x0E, 0xF8, 0x15, 0x15, 
            0xF7, 0x1D, 0xAE, 0xF7, 0x2B, 0xE1, 0xF0, 0x9E, 0xFB, 0x49, 0x20, 0x8C, 0x1E, 0xFB, 0x85, 0x57, 0x15, 0xF7, 0x84, 0x06, 
            0x32, 0x71, 0xFB, 0x62, 0x2E, 0x2C, 0x71, 0xF7, 0x65, 0xE1, 0x1E, 0x0E, 0xFB, 0xF6, 0x7A, 0xBD, 0xF8, 0x6A, 0x77, 0x01, 
            0xE3, 0xE0, 0x03, 0xF7, 0xD5, 0xF0, 0x15, 0x78, 0x06, 0x6E, 0x89, 0x7E, 0x64, 0x61, 0x1B, 0x5A, 0x88, 0xCE, 0xAE, 0x1F, 
            0xF8, 0x04, 0x07, 0x57, 0x78, 0x6C, 0x7B, 0x31, 0x79, 0x08, 0x77, 0x07, 0xAB, 0xC3, 0x8F, 0xFB, 0x17, 0x1F, 0xFB, 0x78, 
            0x07, 0x5F, 0xA7, 0x5B, 0xCD, 0xF5, 0x93, 0xE8, 0xA4, 0x90, 0x1E, 0x0E, 0xA0, 0x76, 0xF8, 0x41, 0xD3, 0x48, 0xA0, 0x12, 
            0xF7, 0x0B, 0xD6, 0x13, 0xD0, 0xF7, 0x0B, 0x16, 0xD6, 0xF7, 0x96, 0x06, 0xF7, 0x2F, 0xFB, 0x55, 0x05, 0x92, 0x82, 0x90, 
            0x81, 0x83, 0x1A, 0x80, 0x81, 0x82, 0x6F, 0x1E, 0x79, 0xF7, 0x7F, 0x9D, 0x07, 0x50, 0x71, 0xAF, 0xB0, 0x6C, 0x1F, 0xFB, 
            0x3C, 0xF7, 0x6A, 0xBE, 0xBE, 0xAA, 0xA6, 0xAB, 0xA6, 0x19, 0x99, 0x9C, 0x96, 0x90, 0x95, 0x1B, 0x97, 0x8A, 0x95, 0x81, 
            0x9E, 0x7E, 0x93, 0x84, 0x9B, 0x87, 0x9B, 0x8C, 0x08, 0xA4, 0x8C, 0xA5, 0x98, 0xB0, 0x1A, 0xAF, 0x62, 0x9E, 0x6A, 0x6F, 
            0x6D, 0x80, 0x7B, 0x78, 0x1E, 0x41, 0x4F, 0x48, 0x49, 0x43, 0x4B, 0x08, 0x13, 0x50, 0xF7, 0x6D, 0x07, 0x13, 0xB0, 0x39, 
            0x69, 0x65, 0x82, 0x62, 0x88, 0x08, 0x76, 0x07, 0xAE, 0x8A, 0xBE, 0x85, 0x35, 0x1A, 0x0E, 0x7A, 0xE2, 0xF8, 0xE5, 0xD7, 
            0x01, 0xC6, 0x9E, 0xF7, 0x67, 0xB1, 0xF7, 0x5E, 0x9E, 0x03, 0xA3, 0x7A, 0x15, 0xE7, 0x06, 0xF7, 0x3F, 0xF8, 0x12, 0x05, 
            0x8D, 0x06, 0xFB, 0x24, 0xAA, 0x89, 0xFB, 0x82, 0xF7, 0x0F, 0x1B, 0xE1, 0xA0, 0xF6, 0xD4, 0x1F, 0x78, 0x06, 0x70, 0x8A, 
            0x77, 0x41, 0x57, 0x1B, 0x62, 0x6E, 0xBA, 0xB6, 0x7F, 0x1F, 0x5F, 0xF7, 0x30, 0x65, 0xF7, 0x51, 0x60, 0xF7, 0x3A, 0x08, 
            0xB5, 0x80, 0x6B, 0xAD, 0x5A, 0x1B, 0x45, 0x6D, 0xFB, 0x12, 0x56, 0x8D, 0x1F, 0x9E, 0x06, 0xA3, 0x8A, 0xA3, 0xDA, 0xC1, 
            0x1B, 0xBF, 0xAA, 0x2F, 0x42, 0x9C, 0x1F, 0x0E, 0xFB, 0x36, 0x90, 0x76, 0xF8, 0x9F, 0x77, 0x01, 0xF7, 0x7C, 0x7B, 0x15, 
            0xB0, 0x06, 0xA1, 0xB7, 0xE2, 0xF7, 0x44, 0xC1, 0xF7, 0x02, 0x08, 0xA5, 0xC0, 0x9C, 0xB5, 0xB5, 0x1A, 0xA6, 0x82, 0xA8, 
            0x5D, 0x58, 0x89, 0x50, 0x5A, 0x94, 0x1E, 0x8F, 0x75, 0x8E, 0x7A, 0x7C, 0x1A, 0x6D, 0x83, 0x74, 0x78, 0x66, 0x1E, 0x3F, 
            0xFB, 0x2C, 0xFB, 0x32, 0xF8, 0x28, 0x51, 0x72, 0x88, 0x8C, 0x45, 0x84, 0x19, 0x78, 0x07, 0xB4, 0x86, 0xA4, 0x87, 0x99, 
            0x67, 0x08, 0x0E, 0xFB, 0x52, 0xFB, 0x5F, 0x76, 0xF7, 0x70, 0xEB, 0xF7, 0xB8, 0xE7, 0xF7, 0xB6, 0x77, 0x12, 0xA6, 0xBC, 
            0x7F, 0xC0, 0x74, 0xB2, 0xF7, 0xB3, 0xBC, 0x13, 0xFB, 0xF7, 0x2D, 0xF8, 0x2E, 0x15, 0x42, 0x50, 0x56, 0x53, 0x31, 0x1A, 
            0xFB, 0x43, 0xF7, 0x37, 0x69, 0xF7, 0x28, 0xA7, 0xC1, 0x89, 0x51, 0x53, 0x64, 0x6D, 0x68, 0x97, 0x1E, 0x6A, 0x96, 0x72, 
            0x90, 0x79, 0x89, 0x08, 0x6D, 0x89, 0x7C, 0x7B, 0x6E, 0x1A, 0x60, 0xC0, 0x81, 0xA6, 0xF4, 0xC6, 0xDC, 0xF7, 0x0D, 0xD7, 
            0x43, 0xB1, 0x3D, 0xFB, 0x3D, 0x41, 0xC8, 0xCE, 0xE1, 0xE1, 0xD5, 0xB2, 0x9B, 0x1E, 0x85, 0x8C, 0xB8, 0x85, 0xBB, 0x1B, 
            0xC6, 0xC1, 0x97, 0xB9, 0xA6, 0x6B, 0x92, 0x72, 0x51, 0x39, 0x6C, 0x7C, 0x71, 0x1F, 0x64, 0xA3, 0x7E, 0xAC, 0xAB, 0x1A, 
            0xB5, 0xA8, 0xB3, 0xAA, 0x98, 0x1E, 0xAD, 0x85, 0xF7, 0x19, 0xB0, 0xC0, 0x1A, 0xA1, 0x7E, 0x9B, 0x6F, 0x5A, 0x45, 0x4F, 
            0x73, 0x6E, 0x1E, 0x13, 0xF5, 0x6E, 0x8D, 0x72, 0x9C, 0xA7, 0x1A, 0xAC, 0x9E, 0x96, 0x97, 0x90, 0x1E, 0x89, 0x9D, 0x05, 
            0x58, 0x6C, 0x6C, 0x62, 0x64, 0xB6, 0x6E, 0xA9, 0x83, 0x1F, 0x13, 0xFB, 0x6F, 0x6B, 0x7C, 0x68, 0x68, 0x1A, 0x66, 0x9D, 
            0x66, 0xB4, 0x6B, 0x1E, 0x0E, 0x78, 0xB7, 0xF8, 0x4F, 0xAA, 0x01, 0xAE, 0xEA, 0xF7, 0xAD, 0xE5, 0x03, 0xAE, 0xF7, 0x80, 
            0x15, 0xFB, 0x0E, 0xEF, 0xFB, 0x19, 0xF7, 0x21, 0xF7, 0x23, 0xDD, 0xF7, 0x17, 0xF7, 0x2A, 0xF7, 0x24, 0x20, 0xE8, 0xFB, 
            0x1B, 0xFB, 0x1D, 0x34, 0xFB, 0x1B, 0xFB, 0x14, 0x1E, 0xEA, 0xAA, 0x15, 0xDE, 0xA1, 0xF7, 0x0A, 0xF0, 0xF7, 0x0D, 0xB0, 
            0xFB, 0x34, 0x29, 0x33, 0x68, 0x2A, 0x30, 0xFB, 0x02, 0x5E, 0xF7, 0x28, 0xE9, 0x1E, 0x0E, 0x78, 0xE9, 0xF7, 0xDA, 0xE1, 
            0x01, 0x95, 0xF7, 0xDC, 0x15, 0x9C, 0x06, 0xC4, 0xAB, 0x9C, 0x9B, 0xA7, 0x1B, 0xC4, 0x06, 0x6E, 0xFB, 0x6C, 0x8B, 0x6D, 
            0x7C, 0x73, 0x08, 0x77, 0x6B, 0x64, 0x72, 0x63, 0x1A, 0x7D, 0x95, 0x64, 0xB8, 0xB2, 0x9A, 0xA7, 0xB4, 0x94, 0x1E, 0x97, 
            0xC1, 0x9D, 0xF7, 0x02, 0x9B, 0xF7, 0x4F, 0x08, 0xF7, 0x05, 0x06, 0x7A, 0xFB, 0x35, 0x05, 0x3A, 0x82, 0x87, 0xFB, 0x46, 
            0xF7, 0x09, 0x1B, 0xD3, 0xAF, 0xD8, 0xF2, 0x1F, 0x76, 0x06, 0x76, 0x78, 0x4A, 0x5C, 0x66, 0x75, 0xBF, 0xB2, 0xB1, 0x8B, 
            0xDB, 0x97, 0xF7, 0x09, 0x1E, 0xF7, 0x1A, 0xE1, 0xFC, 0x11, 0x06, 0x33, 0x63, 0xFB, 0x00, 0x58, 0x80, 0x1F, 0x0E, 0xFB, 
            0x65, 0x76, 0xF9, 0x36, 0xC2, 0x01, 0xC6, 0xE3, 0xF7, 0x91, 0xE5, 0x03, 0xF7, 0x27, 0xB3, 0x15, 0xB0, 0x69, 0xAB, 0x6F, 
            0xCA, 0x8C, 0x08, 0xF7, 0x2B, 0x8D, 0xC7, 0xEF, 0xF7, 0x4A, 0x1A, 0xF7, 0x4F, 0x45, 0xBC, 0xFB, 0x2D, 0xFB, 0x1C, 0x40, 
            0x26, 0xFB, 0x0A, 0x8C, 0x1E, 0x8F, 0xFC, 0x3B, 0x05, 0x6D, 0x87, 0x69, 0x84, 0x74, 0x1E, 0xE2, 0x06, 0x95, 0xB3, 0x8B, 
            0xAE, 0xB3, 0x1A, 0x88, 0xF7, 0x70, 0x15, 0x85, 0xF7, 0x7B, 0x05, 0xC2, 0x8A, 0xAB, 0xC0, 0xC2, 0x1B, 0xF7, 0x18, 0xB7, 
            0x4F, 0xFB, 0x22, 0xFB, 0x07, 0x6D, 0x30, 0xFB, 0x0D, 0x64, 0x5D, 0xA2, 0xB9, 0x77, 0x1F, 0x0E, 0xFB, 0x88, 0xFB, 0x68, 
            0x76, 0xF7, 0x75, 0xF4, 0xF7, 0xBE, 0xF4, 0x3B, 0xDB, 0x12, 0xB3, 0xB5, 0xF7, 0xD0, 0xB1, 0x13, 0xDC, 0xB3, 0xF7, 0x66, 
            0x15, 0xFB, 0x15, 0xD4, 0x32, 0xF7, 0x1B, 0xF7, 0x0A, 0xAB, 0x74, 0x62, 0x68, 0x78, 0x66, 0x65, 0x8A, 0x1E, 0x7D, 0x7C, 
            0x90, 0x91, 0x7B, 0x1F, 0x91, 0x7B, 0x7A, 0x92, 0x7B, 0x1B, 0x72, 0x71, 0x78, 0x68, 0x6C, 0xAA, 0x70, 0xBE, 0xD3, 0xE1, 
            0xD2, 0xF7, 0x05, 0xF1, 0x50, 0xB7, 0x34, 0x20, 0x26, 0x88, 0xF7, 0x1F, 0xF1, 0xCA, 0xDF, 0xDC, 0x8C, 0x1F, 0x9F, 0xA0, 
            0x84, 0x84, 0xA0, 0x1F, 0x13, 0xEC, 0x85, 0x9C, 0x9C, 0x86, 0x9A, 0x1B, 0xB9, 0xA9, 0x9C, 0xA7, 0xBE, 0x52, 0x94, 0x62, 
            0xFB, 0x38, 0xFB, 0x03, 0xFB, 0x14, 0xFB, 0x36, 0x1F, 0x0E, 0x3B, 0x76, 0xB7, 0xF8, 0x1B, 0xE1, 0x01, 0xA9, 0xF0, 0xF7, 
            0xC2, 0xE9, 0x03, 0xF8, 0xE0, 0xF8, 0x32, 0x15, 0xE1, 0xFB, 0x97, 0x07, 0xFB, 0x14, 0xFB, 0x3F, 0x42, 0xFB, 0x31, 0xFB, 
            0x17, 0xD9, 0xFB, 0x34, 0xF7, 0x43, 0xF7, 0x4E, 0xC5, 0xF7, 0x0C, 0xEC, 0xEE, 0x46, 0xD1, 0x34, 0xBA, 0x1F, 0x8D, 0x07, 
            0x56, 0x16, 0xE0, 0x40, 0xA9, 0x48, 0xFB, 0x00, 0x1A, 0x3E, 0x60, 0x4B, 0x3B, 0x2B, 0x38, 0xF7, 0x0D, 0xF7, 0x0A, 0xF1, 
            0xE7, 0xBD, 0xEA, 0x1E, 0x0E, 0xFB, 0x88, 0x78, 0xE8, 0xF7, 0xE1, 0xE8, 0x01, 0xF7, 0x4A, 0xD5, 0x03, 0xA7, 0xF7, 0xC1, 
            0x15, 0xAF, 0x98, 0xB0, 0xD1, 0xAD, 0x1B, 0xE6, 0x06, 0x85, 0x56, 0x7C, 0xFB, 0x11, 0x28, 0x1A, 0x23, 0xB5, 0x5E, 0xC6, 
            0xE8, 0x9D, 0xF7, 0x07, 0xCD, 0x87, 0x1E, 0x79, 0x06, 0x84, 0x62, 0x7D, 0x5B, 0x5D, 0x8C, 0x58, 0x8C, 0x81, 0xCA, 0x8F, 
            0xBD, 0x9B, 0xF7, 0x70, 0x18, 0xF7, 0x2E, 0x8A, 0x05, 0xE8, 0xFB, 0x7F, 0x07, 0x66, 0x60, 0x7B, 0x6F, 0x72, 0x1F, 0x6B, 
            0x67, 0x7C, 0x62, 0x76, 0x3D, 0x08, 0x0E, 0x20, 0x79, 0xBB, 0xF8, 0x71, 0x77, 0x01, 0xF7, 0x21, 0xE1, 0xF7, 0x79, 0xDA, 
            0x03, 0x92, 0xF7, 0xEE, 0x15, 0xA1, 0x06, 0x97, 0xAC, 0x9E, 0xBD, 0xAF, 0x8C, 0x08, 0x98, 0x96, 0x7B, 0x7F, 0x8D, 0x1F, 
            0x92, 0x66, 0x97, 0xFB, 0x02, 0x40, 0x1A, 0x26, 0xC7, 0x2A, 0xF7, 0x0C, 0xF7, 0x21, 0xD4, 0xF7, 0x09, 0xF7, 0x26, 0xF7, 
            0x03, 0x65, 0xE2, 0xFB, 0x2C, 0xCB, 0x1E, 0x85, 0x7A, 0x05, 0x9D, 0x89, 0xEE, 0x4F, 0xFB, 0x47, 0x1A, 0x28, 0x73, 0xFB, 
            0x0C, 0x2F, 0x4B, 0x5A, 0xCB, 0xD9, 0xC7, 0x82, 0xF7, 0x14, 0x81, 0xD3, 0x1E, 0xBC, 0x84, 0x6E, 0xA5, 0x65, 0x1B, 0x38, 
            0x69, 0x2F, 0x46, 0x81, 0x1F, 0x0E, 0xFB, 0x36, 0xFB, 0x5F, 0x76, 0xFA, 0x13, 0x77, 0x01, 0xA6, 0xE6, 0xF7, 0x08, 0xBB, 
            0x5E, 0xB8, 0xF7, 0x0C, 0xE3, 0x03, 0xF7, 0x85, 0x7E, 0x15, 0x8D, 0xFB, 0x5B, 0xB2, 0x7F, 0x05, 0xF7, 0x67, 0x07, 0xB5, 
            0xF7, 0x3A, 0xAA, 0xF7, 0x7C, 0xF7, 0x46, 0xFB, 0x2A, 0xD3, 0x51, 0x1F, 0xF7, 0x2E, 0x07, 0x5A, 0x9C, 0x8D, 0xFB, 0x3F, 
            0x05, 0x68, 0xFB, 0x41, 0x63, 0xFB, 0x70, 0xFB, 0x52, 0xF7, 0x24, 0x4C, 0xD1, 0x1F, 0xB4, 0xB0, 0x15, 0xF8, 0x4C, 0x07, 
            0x9B, 0xF3, 0x55, 0xFB, 0x3C, 0xFB, 0x48, 0x28, 0x67, 0x76, 0x89, 0x1F, 0x61, 0x16, 0x72, 0x2A, 0xB8, 0xF7, 0x40, 0xF7, 
            0x3E, 0xE9, 0xC0, 0xA2, 0x1F, 0x0E, 0xFB, 0x7B, 0xE3, 0xF8, 0xCA, 0xD7, 0x01, 0x98, 0xFB, 0x7B, 0x15, 0xF1, 0x06, 0xF7, 
            0x2E, 0xF7, 0xAE, 0x05, 0x8D, 0x06, 0x3A, 0x9A, 0xA1, 0xFB, 0x5D, 0xE9, 0x1B, 0xE7, 0xA5, 0xF7, 0x1F, 0xBF, 0x8D, 0x1F, 
            0x78, 0x06, 0x6F, 0x8A, 0x6C, 0x40, 0x4E, 0x1B, 0x3C, 0x71, 0xF7, 0x5C, 0xB5, 0x82, 0x1F, 0xF7, 0x76, 0xF8, 0x24, 0x05, 
            0x25, 0x06, 0xFB, 0x2F, 0xFB, 0xA1, 0x05, 0xF7, 0x20, 0x73, 0x79, 0xF7, 0x15, 0x25, 0x1B, 0x34, 0x7B, 0xFB, 0x1F, 0x5A, 
            0x85, 0x1F, 0x9D, 0x06, 0xA8, 0x90, 0xA3, 0xDE, 0xBE, 0x1B, 0xDB, 0xA8, 0xFB, 0x43, 0x46, 0x9E, 0x1F, 0x0E, 0x8E, 0xFB, 
            0x63, 0x76, 0xF9, 0x6C, 0x77, 0x01, 0xF7, 0xD9, 0xCA, 0x03, 0xF7, 0xD9, 0x70, 0x15, 0xFB, 0x5D, 0xCA, 0xF7, 0x5D, 0x07, 
            0xC0, 0x96, 0xCD, 0xA3, 0xBA, 0xCA, 0xAA, 0xB5, 0xA3, 0xBE, 0x97, 0xF7, 0x81, 0x8E, 0xC2, 0xAA, 0x8F, 0xB9, 0x95, 0x08, 
            0x9D, 0x07, 0x97, 0x75, 0x69, 0x8B, 0x7F, 0x1B, 0xFB, 0x17, 0x8B, 0xFB, 0x8B, 0xFB, 0x11, 0x7D, 0x1F, 0x83, 0x3F, 0x57, 
            0x6D, 0x63, 0x81, 0x08, 0xF8, 0x6F, 0x4C, 0xFC, 0x6F, 0x07, 0x63, 0x95, 0x57, 0xA9, 0x83, 0xD7, 0x08, 0xF7, 0x11, 0x7E, 
            0x95, 0xF7, 0x8B, 0xFB, 0x22, 0x1B, 0x7F, 0x69, 0x8B, 0x7F, 0x75, 0x1F, 0x79, 0x07, 0xB9, 0x81, 0xAA, 0x87, 0x8E, 0x54, 
            0x97, 0xFB, 0x81, 0xA3, 0x58, 0xAA, 0x61, 0xBA, 0x4C, 0xCD, 0x73, 0xC0, 0x80, 0x08, 0x0E, 0x8E, 0x7A, 0xB9, 0xF8, 0x6B, 
            0x77, 0x01, 0xB5, 0xF2, 0xF7, 0x39, 0xF5, 0xF7, 0x38, 0xF3, 0x03, 0xF7, 0xFF, 0xD3, 0x15, 0x5C, 0xA9, 0xC3, 0x61, 0xC5, 
            0x1B, 0xF7, 0x05, 0xCB, 0xF7, 0x09, 0xF6, 0xF7, 0x2A, 0x36, 0xF7, 0x23, 0xFB, 0x3E, 0x1F, 0x7A, 0x07, 0xF7, 0x07, 0x74, 
            0xAF, 0xFB, 0x08, 0x26, 0x1A, 0x46, 0x83, 0xFB, 0x25, 0x39, 0x41, 0x6B, 0xE2, 0xA4, 0x8E, 0x1E, 0x97, 0x98, 0x9C, 0xD4, 
            0xCE, 0x1A, 0xC9, 0x7F, 0xC4, 0x62, 0x62, 0x7F, 0x52, 0x4D, 0x48, 0x9C, 0x42, 0x97, 0x7E, 0x1E, 0x73, 0x8D, 0x6E, 0x33, 
            0x41, 0x1B, 0x3D, 0x7C, 0xF7, 0x18, 0xD0, 0xF3, 0xAB, 0xF7, 0x11, 0xF7, 0x0C, 0xA3, 0x1F, 0x9C, 0x07, 0xFB, 0x3A, 0x32, 
            0xFB, 0x15, 0xFB, 0x26, 0xFB, 0x02, 0xC6, 0xFB, 0x18, 0xF7, 0x10, 0xC3, 0xC0, 0xB7, 0xB8, 0xA8, 0x1F, 0x0E, 0x57, 0x79, 
            0xA7, 0xF8, 0x15, 0xD1, 0xF7, 0x43, 0xB4, 0x12, 0xF7, 0x1D, 0xDD, 0x48, 0xE5, 0x92, 0xAD, 0xF7, 0x50, 0xD9, 0x13, 0xEE, 
            0x9D, 0xF7, 0xD6, 0x15, 0x90, 0x89, 0x90, 0x8A, 0x90, 0x89, 0x08, 0xB1, 0xA1, 0xA4, 0xB3, 0xAF, 0x1B, 0xA4, 0x94, 0x78, 
            0x77, 0x8D, 0x1F, 0x13, 0xF6, 0x8F, 0x4F, 0x78, 0x42, 0x4E, 0x1A, 0xFB, 0x06, 0xC4, 0x49, 0xF2, 0xF7, 0x37, 0xE4, 0xF7, 
            0x28, 0xF7, 0x51, 0x1E, 0xD5, 0x5D, 0x05, 0xC0, 0x07, 0x41, 0xB0, 0x05, 0xF2, 0x66, 0xF7, 0x6B, 0xFB, 0x3A, 0x48, 0x6D, 
            0x60, 0x55, 0xFB, 0x0A, 0xF0, 0x56, 0xF7, 0x0D, 0x49, 0x1E, 0x37, 0x8C, 0x7E, 0xFB, 0x91, 0xFB, 0x26, 0x1B, 0x47, 0x71, 
            0xC4, 0xCC, 0x1F, 0x13, 0xEE, 0xDB, 0xA2, 0xDA, 0xDB, 0x1A, 0xBF, 0x62, 0xB5, 0x5C, 0x53, 0x4C, 0x42, 0x45, 0x7A, 0x1E, 
            0xF8, 0x58, 0xCF, 0x15, 0x63, 0x9F, 0xFB, 0x27, 0xCD, 0xF0, 0x1A, 0xAD, 0x9F, 0xA8, 0xB3, 0xF7, 0x0A, 0x94, 0xFB, 0x73, 
            0x70, 0x1E, 0x0E, 0x4C, 0xA0, 0x76, 0xF8, 0x8B, 0xF7, 0x4A, 0x66, 0xB0, 0x12, 0xF7, 0x84, 0xF3, 0x13, 0xB0, 0xF7, 0x2B, 
            0x24, 0x0A, 0x8A, 0xF7, 0x6A, 0x05, 0xDA, 0x91, 0xB1, 0xF7, 0x9B, 0xF7, 0x04, 0x1B, 0x9D, 0x9A, 0x81, 0x7D, 0x1F, 0x75, 
            0x65, 0x72, 0x6D, 0x1A, 0x13, 0xD0, 0x6B, 0xA5, 0x7F, 0xA6, 0xAD, 0xA7, 0xB4, 0xB4, 0xCC, 0x6D, 0xAE, 0x56, 0xFB, 0x1D, 
            0x58, 0xFB, 0x2A, 0x2A, 0x76, 0x1E, 0xF7, 0x31, 0x7D, 0xFB, 0x1D, 0xE1, 0xFB, 0x27, 0x1B, 0x7E, 0x82, 0x83, 0x84, 0x87, 
            0x8F, 0x87, 0x92, 0x89, 0x1F, 0xF7, 0x59, 0x5E, 0xAC, 0x2E, 0x8C, 0xFB, 0x6B, 0x8C, 0xFB, 0x67, 0x18, 0x28, 0x0A, 0x0E, 
            0x3B, 0xFB, 0x5F, 0x76, 0xF7, 0x68, 0xB1, 0xF8, 0x21, 0xD7, 0x01, 0xAF, 0xF4, 0xF7, 0x1A, 0xCC, 0xF7, 0x27, 0xEF, 0x03, 
            0xF7, 0xA9, 0x7F, 0x15, 0xFB, 0x68, 0xCA, 0xF7, 0x68, 0x07, 0xF7, 0x1B, 0x8A, 0xF7, 0x04, 0xEE, 0xF7, 0x27, 0x1A, 0xF7, 
            0x27, 0x49, 0xF7, 0x0B, 0xFB, 0x10, 0x26, 0x73, 0x48, 0x3E, 0x8D, 0x1E, 0x8E, 0xFB, 0xDD, 0x05, 0x28, 0x66, 0xF7, 0x07, 
            0xF0, 0xD7, 0x9B, 0xF7, 0x15, 0xE6, 0xAD, 0x1F, 0x9D, 0x07, 0xFB, 0x10, 0x33, 0xFB, 0x1D, 0xFB, 0x10, 0xFB, 0x36, 0xF7, 
            0x04, 0x32, 0xF7, 0x15, 0x8C, 0x1F, 0xCA, 0xB1, 0x15, 0xF7, 0xDE, 0x07, 0xA5, 0x8C, 0x8A, 0xB4, 0xB7, 0x1B, 0xD8, 0xA5, 
            0x28, 0x32, 0xFB, 0x08, 0x53, 0x2E, 0x30, 0x1F, 0x0E, 0xA9, 0x79, 0xB4, 0xF8, 0x6F, 0xE0, 0x01, 0xAE, 0xF5, 0xF7, 0x37, 
            0xEC, 0xF7, 0x40, 0xED, 0x03, 0xF7, 0xF8, 0xD0, 0x15, 0x61, 0x9B, 0xBC, 0x5E, 0xD6, 0x1B, 0xF7, 0x0C, 0xC2, 0xF7, 0x1D, 
            0xF7, 0x11, 0xEC, 0x3E, 0xF7, 0x17, 0x24, 0xA5, 0x1F, 0xF7, 0x48, 0x8C, 0x05, 0xDF, 0xFC, 0x9D, 0x07, 0x6B, 0x47, 0x66, 
            0x25, 0x65, 0x1F, 0x9D, 0x87, 0xC6, 0xB7, 0xAB, 0x94, 0xE4, 0x92, 0x19, 0x26, 0x4E, 0x41, 0x36, 0xFB, 0x06, 0x1A, 0xFB, 
            0x14, 0xB7, 0xFB, 0x16, 0xF7, 0x1B, 0xC5, 0xCA, 0xBB, 0xB2, 0xA0, 0x1E, 0x72, 0xD4, 0x15, 0x62, 0x8D, 0x5E, 0x3D, 0x52, 
            0x1B, 0x36, 0x86, 0xF7, 0x2C, 0xD1, 0xF7, 0x0A, 0xC2, 0xF0, 0xED, 0xAD, 0x1F, 0xF7, 0x10, 0x06, 0xF0, 0x6D, 0xC1, 0xFB, 
            0x09, 0x23, 0x1A, 0x3D, 0x8B, 0xFB, 0x22, 0x30, 0x4E, 0x5E, 0xCF, 0xBA, 0x8D, 0x1E, 0x98, 0xC5, 0x95, 0xD1, 0xAD, 0x1A, 
            0xAB, 0x8D, 0xDC, 0x5A, 0x57, 0x8E, 0x3F, 0x67, 0x8A, 0x1E, 0x8A, 0x60, 0x95, 0x41, 0x9D, 0x5D, 0x08, 0x0E, 0xFB, 0x73, 
            0xF7, 0x1A, 0x76, 0xF7, 0xFC, 0x77, 0x01, 0xBD, 0xF7, 0xFC, 0x03, 0xF7, 0x7A, 0xF7, 0x05, 0x15, 0xEE, 0xDC, 0xDB, 0xEF, 
            0xEE, 0x3A, 0xDC, 0x28, 0x27, 0x3B, 0x3A, 0x28, 0x27, 0xDB, 0x3B, 0xEF, 0x1F, 0x0E, 0xF7, 0xD1, 0x7A, 0xF7, 0x04, 0x01, 
            0xF7, 0x03, 0xF7, 0x04, 0xF7, 0x71, 0xF7, 0x04, 0xF7, 0x71, 0xF7, 0x04, 0x14, 0x70, 0xF7, 0x03, 0xB1, 0x15, 0x29, 0x0A, 
            0xF7, 0xE1, 0x16, 0x29, 0x0A, 0xF7, 0xE1, 0x16, 0x29, 0x0A, 0x0E, 0xFC, 0x48, 0xF8, 0x74, 0x76, 0xF7, 0xA8, 0x77, 0x01, 
            0xA9, 0xF8, 0x7D, 0x15, 0x38, 0x0A, 0x59, 0x0A, 0x1E, 0xF7, 0x31, 0xF7, 0x5A, 0x40, 0x0A, 0x6D, 0xA1, 0x6C, 0x7B, 0x7D, 
            0x85, 0x81, 0x87, 0x1E, 0x0E, 0xFB, 0xA4, 0xF8, 0x74, 0x76, 0xF7, 0xAA, 0x77, 0x01, 0xB9, 0xF8, 0x5F, 0x15, 0x59, 0x0A, 
            0x1F, 0xF7, 0x32, 0x36, 0x0A, 0x23, 0xFB, 0x7C, 0x05, 0x38, 0x0A, 0x1E, 0xF7, 0x54, 0x16, 0x59, 0x0A, 0x1F, 0xF7, 0x31, 
            0x36, 0x0A, 0x24, 0xFB, 0x7C, 0x05, 0x38, 0x0A, 0x1E, 0x0E, 0xFC, 0x98, 0x94, 0x76, 0xF9, 0x45, 0x77, 0x01, 0xFB, 0x10, 
            0x7F, 0x15, 0xF8, 0x64, 0xF9, 0x45, 0x05, 0x53, 0x06, 0xFC, 0x64, 0xFD, 0x45, 0x05, 0x0E, 0xCE, 0x7F, 0xCA, 0xF7, 0x54, 
            0xCA, 0xCA, 0xCA, 0xF7, 0x52, 0xCA, 0x01, 0xF7, 0x07, 0xCE, 0x03, 0x9F, 0xF7, 0x87, 0x15, 0xF7, 0x00, 0x06, 0xFB, 0x26, 
            0xB0, 0xF7, 0x1B, 0xFB, 0x01, 0xF7, 0x39, 0x1B, 0xEA, 0xD6, 0xB0, 0xB3, 0xBD, 0x1F, 0xE5, 0x07, 0x4B, 0x57, 0x39, 0x63, 
            0x35, 0x1B, 0xFB, 0x11, 0x25, 0xDB, 0xF7, 0x04, 0x64, 0x1F, 0xF7, 0xF8, 0x06, 0xA9, 0xCA, 0x05, 0xFC, 0x25, 0x06, 0x8A, 
            0x96, 0x8A, 0x94, 0x95, 0x1A, 0x95, 0x8C, 0x95, 0x8C, 0x98, 0x1E, 0xF8, 0x42, 0x06, 0xA9, 0xCA, 0x05, 0xFC, 0x51, 0x06, 
            0xF7, 0x00, 0xAD, 0xF6, 0xDD, 0xF7, 0x11, 0x1B, 0xE5, 0xDC, 0x61, 0x4F, 0xBC, 0x1F, 0xA8, 0xC8, 0x05, 0xCB, 0x4B, 0x31, 
            0xB3, 0x2C, 0x1B, 0xFB, 0x35, 0xFB, 0x1F, 0x22, 0xFB, 0x28, 0x66, 0x1F, 0x3D, 0x06, 0x6D, 0x4C, 0x05, 0xEB, 0x06, 0x8A, 
            0x7E, 0x8B, 0x82, 0x81, 0x1A, 0x82, 0x8B, 0x82, 0x8C, 0x7E, 0x1E, 0x49, 0x06, 0x0E, 0x8E, 0x56, 0xDE, 0xAD, 0xCF, 0xF7, 
            0x70, 0xA2, 0xF7, 0xA9, 0xE3, 0x01, 0xC4, 0xB2, 0xF7, 0xAC, 0xD1, 0xC3, 0xD7, 0x03, 0xA5, 0xB7, 0x15, 0x98, 0xA6, 0x9B, 
            0x92, 0x9B, 0x1B, 0x99, 0xC2, 0x6F, 0x6E, 0xC3, 0x1F, 0x6D, 0xC5, 0xC6, 0x6D, 0x99, 0x1B, 0xAC, 0xF7, 0x60, 0xF7, 0x3E, 
            0xCD, 0xB0, 0x5D, 0xD0, 0x65, 0xCF, 0x1F, 0x71, 0xBA, 0x75, 0xB9, 0xAF, 0x1A, 0x9F, 0xDA, 0xE7, 0xB3, 0xC3, 0x1E, 0xB1, 
            0x42, 0x25, 0xBB, 0x32, 0x1B, 0xFB, 0x05, 0xFB, 0x17, 0x44, 0xFB, 0x14, 0xFB, 0x06, 0xEF, 0x3F, 0xF7, 0x00, 0x8C, 0x1F, 
            0x8D, 0xA2, 0x05, 0x41, 0x8A, 0x2A, 0xCD, 0xDC, 0x1A, 0xDF, 0xD0, 0xB8, 0xDD, 0x8D, 0x1E, 0xCD, 0x8D, 0xF1, 0x64, 0xBE, 
            0x71, 0x08, 0x39, 0x23, 0x83, 0x75, 0x74, 0x1A, 0x63, 0xA2, 0x5C, 0xA5, 0x5D, 0x1E, 0xAE, 0x4D, 0xB5, 0x4D, 0x5C, 0x1A, 
            0x5F, 0x4B, 0x4D, 0x5B, 0x77, 0x57, 0xA7, 0xA6, 0x57, 0x1E, 0xA5, 0x59, 0x5C, 0xA0, 0x77, 0x1B, 0x72, 0x2D, 0x50, 0x7F, 
            0x77, 0x1F, 0x0E, 0xF7, 0xC4, 0xFB, 0x67, 0xAC, 0xF7, 0x39, 0xAF, 0xF8, 0x4B, 0xB5, 0xD0, 0x77, 0x01, 0xF7, 0x33, 0xAB, 
            0x9E, 0xDB, 0xB8, 0xD3, 0xAC, 0xB9, 0xF7, 0xB2, 0xED, 0x03, 0xF7, 0x8C, 0xF7, 0x10, 0x15, 0x67, 0x4B, 0x56, 0x50, 0x40, 
            0x1A, 0x45, 0xA8, 0x48, 0xE5, 0xEE, 0xA9, 0xDB, 0xD8, 0xEE, 0x64, 0xBF, 0x6A, 0xDE, 0x1E, 0xEF, 0xD6, 0xF7, 0x5C, 0xF7, 
            0x4A, 0xF0, 0x1B, 0xB0, 0xA3, 0x6B, 0x46, 0xFB, 0x26, 0x26, 0xFB, 0x54, 0x2F, 0x48, 0x71, 0xAC, 0xAE, 0xA2, 0x9E, 0x91, 
            0x97, 0x1F, 0xA7, 0x8C, 0xA0, 0xA7, 0xA3, 0x1A, 0xA3, 0x76, 0x9E, 0x73, 0x8A, 0x1E, 0x5B, 0x8A, 0x6A, 0x5E, 0x58, 0x1A, 
            0x43, 0xBE, 0x50, 0xE4, 0xF7, 0x41, 0xF7, 0x09, 0xF7, 0x87, 0xF7, 0x06, 0xD9, 0x5A, 0xDD, 0x33, 0xFB, 0x3E, 0xFB, 0x1F, 
            0xFB, 0x50, 0x21, 0x25, 0x1E, 0x75, 0xB5, 0x81, 0xA6, 0xA5, 0x1A, 0xDA, 0xF7, 0x16, 0xF7, 0x01, 0xC9, 0xCB, 0x1E, 0x82, 
            0x9B, 0x05, 0x27, 0x48, 0xFB, 0x37, 0xFB, 0x08, 0xFB, 0x11, 0x1A, 0x8A, 0x56, 0xA4, 0x58, 0x99, 0x66, 0x08, 0x9A, 0x6D, 
            0x15, 0xC1, 0xFB, 0x00, 0x9D, 0x5D, 0x65, 0x1A, 0x63, 0x7F, 0x63, 0x5C, 0x5C, 0x65, 0xB7, 0xCB, 0xBC, 0xAF, 0xC5, 0xAF, 
            0xC4, 0x1E, 0x0E, 0xF7, 0x04, 0x91, 0x76, 0xC2, 0xDF, 0xF8, 0xA4, 0xDD, 0x52, 0xC4, 0x12, 0xA5, 0xAC, 0xF7, 0x24, 0xC0, 
            0xE5, 0xE3, 0x13, 0xEE, 0xD1, 0xAC, 0x15, 0x92, 0x86, 0x90, 0x86, 0x92, 0x86, 0x08, 0x9A, 0x9E, 0x9B, 0x92, 0x97, 0x1B, 
            0xAA, 0xA7, 0x64, 0x7B, 0xA4, 0x1F, 0xF7, 0x2C, 0xC3, 0xC8, 0xF7, 0x42, 0xF7, 0x19, 0x1A, 0x13, 0xAE, 0xD0, 0x8B, 0xE5, 
            0x7C, 0xE3, 0x1E, 0xB6, 0xCE, 0x98, 0x99, 0xA0, 0x1B, 0xA2, 0xF3, 0x2A, 0x84, 0x92, 0x1F, 0xFB, 0x55, 0xFB, 0x24, 0x96, 
            0x77, 0x05, 0xD3, 0x9E, 0x39, 0x21, 0xFB, 0x0D, 0x9A, 0x4C, 0xD3, 0x70, 0x1F, 0xF7, 0x02, 0xE3, 0x7C, 0xA2, 0x05, 0x86, 
            0x7F, 0x6F, 0x79, 0x7C, 0x1B, 0x69, 0x86, 0xB4, 0xED, 0xEF, 0x82, 0xF7, 0x01, 0x46, 0xA3, 0x1F, 0xF7, 0x4A, 0xF7, 0x1F, 
            0x05, 0x13, 0x1E, 0xF7, 0x26, 0xFB, 0x38, 0x8A, 0x8F, 0x7B, 0x1B, 0x79, 0xFB, 0x0E, 0x2F, 0x78, 0x71, 0x1F, 0xCE, 0x76, 
            0x41, 0xB7, 0x44, 0x1B, 0xFB, 0x1D, 0x3D, 0x47, 0xFB, 0x11, 0x2E, 0xDD, 0x5B, 0xD3, 0x63, 0x1F, 0x9A, 0x82, 0x93, 0x81, 
            0x81, 0x1A, 0x78, 0x77, 0x7F, 0x85, 0x82, 0x1E, 0xA2, 0x7B, 0x05, 0xB6, 0xB8, 0x98, 0xA0, 0x9E, 0x1A, 0xA9, 0x60, 0xA9, 
            0x5E, 0xA6, 0x1E, 0x57, 0xA8, 0x52, 0xA9, 0xCC, 0x1A, 0x13, 0xDE, 0xC8, 0xD5, 0xB8, 0xC4, 0xF7, 0x1C, 0x9E, 0xFB, 0x29, 
            0xFB, 0x1F, 0xFB, 0x15, 0x64, 0xFB, 0x25, 0x60, 0x50, 0x1E, 0xC6, 0x35, 0x9D, 0x94, 0x7A, 0x1B, 0x75, 0x88, 0x40, 0x36, 
            0x80, 0x88, 0x08, 0x0E, 0xE0, 0x8B, 0xF0, 0xF8, 0xBF, 0xAB, 0x12, 0xAD, 0x9A, 0x91, 0xF7, 0x08, 0xF8, 0x40, 0xF7, 0x09, 
            0x90, 0x9A, 0x17, 0xAD, 0x16, 0x13, 0xDC, 0xF7, 0xB8, 0x06, 0x7B, 0xF7, 0x2C, 0x05, 0xFB, 0x01, 0xA9, 0x6D, 0xF7, 0x0F, 
            0xF4, 0x1A, 0xF7, 0x16, 0xDB, 0xF7, 0x08, 0xF7, 0x1A, 0xF7, 0x20, 0xD5, 0xFB, 0x08, 0xFB, 0x1A, 0x27, 0x65, 0xFB, 0x14, 
            0x26, 0x71, 0x1E, 0x7B, 0xFB, 0x2C, 0x05, 0x13, 0xFC, 0xF7, 0xB8, 0xF7, 0x36, 0x06, 0x13, 0xDC, 0x7C, 0x06, 0x5A, 0x7F, 
            0x75, 0x7F, 0x61, 0x1B, 0xFB, 0x28, 0x06, 0x8D, 0xA7, 0x05, 0xF7, 0x1E, 0xA1, 0xDA, 0xF7, 0x18, 0xF7, 0x10, 0x1A, 0xF7, 
            0x52, 0xFB, 0x3F, 0xE6, 0xFB, 0x34, 0xFB, 0x33, 0xFB, 0x3E, 0x2F, 0xFB, 0x4D, 0x8A, 0x1E, 0x8A, 0xFB, 0x12, 0xD6, 0xFB, 
            0x1B, 0xF7, 0x22, 0x76, 0x8D, 0x6F, 0x18, 0x13, 0xA0, 0xFB, 0x28, 0x06, 0x61, 0x75, 0x97, 0xBC, 0x7F, 0x1F, 0x7C, 0x06, 
            0x0E, 0xF7, 0x20, 0x8E, 0x76, 0xB2, 0x76, 0xF8, 0x69, 0xF7, 0x18, 0xC4, 0x77, 0x12, 0xF7, 0x43, 0xE6, 0x13, 0x78, 0xF7, 
            0x43, 0x16, 0xF7, 0x47, 0x06, 0x9B, 0xB6, 0x86, 0x9E, 0x99, 0x1A, 0xAC, 0x6E, 0xB0, 0x70, 0xB1, 0x1E, 0x75, 0xAB, 0x76, 
            0xAC, 0xAC, 0x1A, 0xAA, 0xA6, 0xA1, 0xA0, 0xA1, 0x1E, 0x13, 0xB8, 0xF7, 0x7C, 0xFB, 0xA1, 0xBB, 0x4F, 0x97, 0x5D, 0x08, 
            0x9E, 0x93, 0xAF, 0xAB, 0xCD, 0x1A, 0xC3, 0x6A, 0xB1, 0x6B, 0xAC, 0x1E, 0x6B, 0xAB, 0x6C, 0xA6, 0xAC, 0x1A, 0xD9, 0xD0, 
            0xE0, 0xC1, 0x7E, 0x1E, 0x90, 0xE0, 0x05, 0xAD, 0x86, 0x74, 0xA4, 0x6A, 0x1B, 0x7A, 0x7D, 0x8B, 0x8C, 0x7F, 0x1F, 0x55, 
            0x8E, 0x87, 0x96, 0x90, 0xB5, 0x08, 0x5C, 0x84, 0x76, 0x54, 0x5B, 0x1A, 0x47, 0xCB, 0x7D, 0xC2, 0x8E, 0x1E, 0x62, 0x5D, 
            0x7F, 0x61, 0x77, 0x5D, 0xFB, 0x6C, 0xF7, 0x92, 0x79, 0x99, 0x83, 0xBB, 0x08, 0x70, 0x82, 0x65, 0x5A, 0x60, 0x1A, 0x64, 
            0xD0, 0x40, 0xB4, 0x5D, 0x1E, 0x4B, 0x4A, 0x5D, 0x6F, 0x3E, 0x1A, 0x74, 0xA0, 0x71, 0x9B, 0x6A, 0x1E, 0x95, 0x76, 0x94, 
            0x73, 0x6F, 0x1A, 0x6E, 0x67, 0x8C, 0x77, 0x1E, 0x0E, 0x46, 0x0A, 0xAB, 0xFA, 0x22, 0x03, 0xAB, 0xF7, 0x8C, 0x15, 0xE9, 
            0x31, 0xD1, 0x45, 0xE2, 0x24, 0xAE, 0xAE, 0x18, 0x5B, 0xC7, 0x2D, 0xF1, 0x64, 0xB1, 0x08, 0xF9, 0xB9, 0xC3, 0xFD, 0xB9, 
            0x06, 0xB2, 0xB1, 0xE9, 0xF1, 0xBB, 0xC7, 0x68, 0xAE, 0x18, 0x34, 0x24, 0x45, 0x45, 0x2D, 0x31, 0x08, 0x0E, 0x3B, 0xA0, 
            0x76, 0xFA, 0x22, 0x49, 0x0A, 0xF7, 0xAC, 0x16, 0xC3, 0xF9, 0xB9, 0x06, 0xB1, 0x64, 0xF1, 0x2D, 0xC7, 0x5B, 0xAE, 0xAE, 
            0x18, 0x24, 0xE2, 0x45, 0xD1, 0x31, 0xE9, 0x31, 0x2D, 0x45, 0x45, 0x24, 0x34, 0xAE, 0x68, 0x18, 0xC7, 0xBB, 0xF1, 0xE9, 
            0xB1, 0xB2, 0x08, 0x0E, 0x46, 0x0A, 0xBC, 0xF7, 0x70, 0x15, 0xF9, 0xB9, 0x06, 0x64, 0x65, 0x2D, 0x25, 0x5B, 0x4F, 0xAE, 
            0x68, 0x18, 0xE2, 0xF2, 0xD1, 0xD1, 0xE9, 0xE5, 0x2D, 0xE5, 0x45, 0xD1, 0x34, 0xF2, 0x68, 0x68, 0x18, 0xBB, 0x4F, 0xE9, 
            0x25, 0xB2, 0x65, 0x08, 0xFD, 0xB9, 0x06, 0x0E, 0x3B, 0x8A, 0x76, 0xFA, 0x22, 0x49, 0x0A, 0xB8, 0xF7, 0x79, 0x15, 0xF2, 
            0x34, 0xD1, 0x45, 0xE5, 0x2D, 0xE5, 0xE9, 0xD1, 0xD1, 0xF2, 0xE2, 0x68, 0xAE, 0x18, 0x4F, 0x5B, 0x25, 0x2D, 0x65, 0x64, 
            0x08, 0xF9, 0xB9, 0x53, 0xFD, 0xB9, 0x07, 0x65, 0xB2, 0x25, 0xE9, 0x4F, 0xBB, 0x08, 0x0E, 0xF7, 0xFB, 0x91, 0x76, 0xF7, 
            0x81, 0xBF, 0xF7, 0x81, 0x77, 0x01, 0xA3, 0xFA, 0x7C, 0x03, 0xA3, 0xF7, 0x8C, 0x15, 0xF7, 0x07, 0x25, 0xC2, 0x48, 0xDA, 
            0x2D, 0xB0, 0xAB, 0x18, 0x47, 0xEA, 0x6F, 0xA0, 0x36, 0xE4, 0x08, 0xF9, 0xAA, 0x06, 0x36, 0x32, 0x70, 0x75, 0x46, 0x2D, 
            0xB0, 0x6B, 0x18, 0xDA, 0xE9, 0xC2, 0xCE, 0xF7, 0x07, 0xF1, 0xFB, 0x07, 0xF1, 0x54, 0xCE, 0x3C, 0xE9, 0x66, 0x6B, 0x18, 
            0xD0, 0x2E, 0xA5, 0x73, 0xE1, 0x33, 0x08, 0xFD, 0xAA, 0x06, 0xE0, 0xE4, 0xA7, 0xA0, 0xCF, 0xEA, 0x66, 0xAB, 0x18, 0x3C, 
            0x2D, 0x54, 0x48, 0xFB, 0x07, 0x25, 0x08, 0x0E, 0x72, 0x90, 0x76, 0xE9, 0xC2, 0xF8, 0x84, 0x77, 0x01, 0xF8, 0xB7, 0xC2, 
            0x03, 0x9A, 0xF5, 0x15, 0xF7, 0x3A, 0xFB, 0x0E, 0x05, 0xE9, 0xF8, 0x39, 0xF8, 0xBB, 0x54, 0xFC, 0x84, 0xFC, 0x02, 0xE9, 
            0x07, 0x0E, 0xF7, 0xC4, 0xEB, 0xC0, 0xF7, 0x5C, 0xC0, 0xD9, 0xAC, 0x8B, 0x77, 0x01, 0xA9, 0xFA, 0x21, 0x03, 0xA9, 0xF7, 
            0x8D, 0x15, 0xF7, 0x0A, 0xFB, 0x03, 0xB4, 0x61, 0xE5, 0xFB, 0x03, 0xB4, 0xAC, 0x18, 0x4D, 0xD9, 0x05, 0xF9, 0x3D, 0xC0, 
            0xFD, 0x65, 0x06, 0x23, 0xEF, 0xF3, 0xEF, 0x05, 0xF9, 0x65, 0xC0, 0xFD, 0x3D, 0x06, 0xC9, 0xD9, 0x62, 0xAC, 0x31, 0xFB, 
            0x03, 0x62, 0x61, 0xFB, 0x0A, 0xFB, 0x03, 0x19, 0x0E, 0x3B, 0xA2, 0x76, 0xFA, 0x21, 0x77, 0x01, 0xF7, 0x3E, 0xC0, 0xF7, 
            0x34, 0xC0, 0x03, 0xF7, 0x3E, 0x8D, 0x15, 0xC0, 0xF9, 0x7C, 0x06, 0xDB, 0xDC, 0xDB, 0x3A, 0x05, 0xFD, 0x7C, 0xC0, 0xF9, 
            0x4C, 0x07, 0xED, 0x3E, 0xAC, 0xB4, 0xFB, 0x03, 0xE5, 0x61, 0xB4, 0xFB, 0x03, 0xF7, 0x0A, 0x19, 0xFB, 0x03, 0xFB, 0x0A, 
            0x61, 0x62, 0xFB, 0x03, 0x31, 0xAC, 0x62, 0x18, 0xED, 0xD8, 0x05, 0x0E, 0xF7, 0xC4, 0xEE, 0xC0, 0xF7, 0x51, 0xC0, 0x01, 
            0xB8, 0xEE, 0x15, 0xF9, 0x3D, 0x06, 0x48, 0x35, 0xB9, 0x6A, 0xE5, 0xF7, 0x03, 0xB4, 0xB5, 0xF7, 0x0A, 0xF7, 0x03, 0x19, 
            0xFB, 0x0A, 0xF7, 0x03, 0x62, 0xB5, 0x31, 0xF7, 0x03, 0x5D, 0x6A, 0x18, 0xCE, 0x3A, 0x05, 0xFD, 0x3D, 0x56, 0xF9, 0x68, 
            0x06, 0xF0, 0x2A, 0x26, 0x2F, 0x05, 0xFD, 0x68, 0x06, 0x0E, 0x3B, 0x8D, 0x76, 0xFA, 0x21, 0x77, 0x01, 0xF7, 0x43, 0xC0, 
            0xF7, 0x34, 0xC0, 0x03, 0xB7, 0xF7, 0x7A, 0x15, 0xF7, 0x03, 0x31, 0xB5, 0x62, 0xF7, 0x03, 0xFB, 0x0A, 0xF7, 0x03, 0xF7, 
            0x0A, 0xB5, 0xB4, 0xF7, 0x03, 0xE5, 0x6A, 0xB4, 0x18, 0x29, 0x3E, 0x05, 0xF9, 0x4C, 0x56, 0xFD, 0x7C, 0x07, 0x3B, 0x3A, 
            0x3B, 0xDC, 0x05, 0xF9, 0x7C, 0x56, 0xFD, 0x4C, 0x07, 0x29, 0xD8, 0x05, 0x0E, 0xF7, 0xFB, 0xF7, 0x01, 0xBD, 0xF7, 0x40, 
            0xBD, 0x01, 0xA6, 0xFA, 0x78, 0x03, 0xA6, 0xF7, 0x89, 0x15, 0xF7, 0x08, 0x21, 0xB2, 0x61, 0xED, 0xFB, 0x09, 0xB3, 0xAD, 
            0x18, 0x3F, 0xEA, 0x05, 0xF8, 0xC6, 0x06, 0x3F, 0x2C, 0xB3, 0x69, 0xED, 0xF7, 0x09, 0xB2, 0xB5, 0xF7, 0x08, 0xF5, 0x19, 
            0xFB, 0x08, 0xF5, 0x64, 0xB5, 0x29, 0xF7, 0x09, 0x63, 0x69, 0x18, 0xD7, 0x2C, 0x05, 0xFC, 0xC6, 0x06, 0xD7, 0xEA, 0x63, 
            0xAD, 0x29, 0xFB, 0x09, 0x64, 0x61, 0xFB, 0x08, 0x21, 0x19, 0xF7, 0x41, 0x35, 0x15, 0x34, 0xE1, 0xE2, 0xE1, 0x05, 0xF9, 
            0x1F, 0x06, 0xE2, 0x35, 0x34, 0x35, 0x05, 0x0E, 0xA9, 0xA0, 0x76, 0xF8, 0x5D, 0xC2, 0xF7, 0x55, 0x77, 0x01, 0xF7, 0xDD, 
            0x16, 0xC6, 0x06, 0xF7, 0xB9, 0xF9, 0x55, 0x05, 0x52, 0x06, 0x39, 0xFB, 0x55, 0x05, 0xFC, 0x05, 0x06, 0x36, 0xF7, 0x55, 
            0x05, 0x52, 0x06, 0xF7, 0xDE, 0xFD, 0x0F, 0x15, 0xFB, 0x38, 0xF8, 0x17, 0x05, 0xF7, 0xD6, 0x06, 0x0E, 0xFB, 0x51, 0x77, 
            0xA8, 0xF8, 0x00, 0xB2, 0xF7, 0xB2, 0xBB, 0x01, 0xA5, 0xE1, 0xF7, 0x9F, 0xDE, 0x03, 0xF8, 0x0F, 0xF7, 0xEC, 0x15, 0xBF, 
            0x48, 0x6E, 0x9B, 0x50, 0x1B, 0xFB, 0x0A, 0x3B, 0x27, 0xFB, 0x0E, 0xFB, 0x10, 0xDF, 0x35, 0xF6, 0xF7, 0x56, 0xBE, 0xF7, 
            0xB4, 0xF7, 0x11, 0xF7, 0x30, 0x48, 0xF7, 0x59, 0xFB, 0x59, 0x57, 0x58, 0x7B, 0x7E, 0x6D, 0x1F, 0xB2, 0x59, 0x05, 0xA0, 
            0xB4, 0xA4, 0x95, 0xD2, 0x1B, 0xF1, 0xB6, 0xFB, 0x36, 0xFB, 0x54, 0x84, 0x1F, 0x83, 0x68, 0x15, 0x2B, 0x77, 0x7A, 0xFB, 
            0x60, 0xFB, 0x1B, 0x1B, 0x40, 0x7F, 0xEA, 0xB7, 0xD9, 0xB1, 0xF7, 0x27, 0xF7, 0x00, 0xC8, 0xAA, 0x62, 0x74, 0xA0, 0x1F, 
            0x0E, 0x8B, 0xC2, 0xF7, 0xB3, 0xC2, 0xF7, 0x93, 0xC2, 0x01, 0xF8, 0x3B, 0xC2, 0x03, 0xA4, 0x16, 0xF8, 0x59, 0xF9, 0x57, 
            0xFC, 0x59, 0x54, 0xF8, 0x22, 0xFB, 0x93, 0xFB, 0xF6, 0x54, 0xF7, 0xF6, 0xFB, 0xB3, 0xFC, 0x22, 0x06, 0x0E, 0xF7, 0x20, 
            0x73, 0xC0, 0xF9, 0x14, 0xBD, 0x01, 0xB2, 0xC3, 0xF9, 0x0B, 0xC2, 0x03, 0xF7, 0x6C, 0xF7, 0x00, 0x15, 0xF8, 0x42, 0xF8, 
            0x56, 0x05, 0xBA, 0x55, 0xAC, 0x40, 0x3C, 0x1A, 0xFB, 0x40, 0xFB, 0x20, 0xFB, 0x29, 0xFB, 0x40, 0x3C, 0x48, 0xAD, 0xB8, 
            0x57, 0x1E, 0x66, 0xB1, 0x15, 0x73, 0xA8, 0x4F, 0xC5, 0xF7, 0x0E, 0x1A, 0xF7, 0x2E, 0xF7, 0x24, 0xF7, 0x34, 0xF7, 0x3F, 
            0xD7, 0xD0, 0x6D, 0x5D, 0xC2, 0x1E, 0xFC, 0xCB, 0xFC, 0xDC, 0x15, 0xAC, 0x6A, 0xEE, 0xE5, 0x05, 0x53, 0xCA, 0xDE, 0x69, 
            0xE8, 0x1B, 0xF7, 0x5F, 0xF7, 0x38, 0xF7, 0x3F, 0xF7, 0x5F, 0xE8, 0x65, 0xE4, 0x51, 0xCC, 0x1F, 0xE4, 0xE3, 0x67, 0xAD, 
            0x33, 0x34, 0x05, 0xC2, 0x4B, 0x37, 0xAB, 0x2F, 0x1B, 0xFB, 0x5F, 0xFB, 0x3C, 0xFB, 0x3F, 0xFB, 0x55, 0xFB, 0x10, 0xBC, 
            0x3B, 0xBD, 0x5B, 0x1F, 0x0E, 0x44, 0x8B, 0xBC, 0xF9, 0x13, 0x77, 0x01, 0x91, 0xF8, 0xEE, 0x03, 0x91, 0x16, 0xF8, 0xEE, 
            0x06, 0xFB, 0xC3, 0xF9, 0x44, 0x05, 0xFB, 0x88, 0xFD, 0x13, 0x15, 0xF7, 0x6E, 0xF8, 0x68, 0xF7, 0x5B, 0xFC, 0x68, 0x05, 
            0x0E, 0xA9, 0x8D, 0x76, 0xF9, 0x42, 0xBE, 0x01, 0xAF, 0xF9, 0x19, 0x03, 0xF7, 0xE5, 0x78, 0x15, 0xF7, 0xEC, 0xF9, 0x75, 
            0x05, 0xFD, 0x19, 0x06, 0xF7, 0xE9, 0xFC, 0xC0, 0x15, 0xFB, 0x62, 0xF8, 0x8D, 0x05, 0xF8, 0x47, 0x06, 0x0E, 0xA9, 0x8B, 
            0xC1, 0xF7, 0x2D, 0xC1, 0xF7, 0x2D, 0xC1, 0x01, 0xB8, 0xF8, 0x60, 0x14, 0xE0, 0xEF, 0xF7, 0x63, 0x15, 0xF8, 0x29, 0xC1, 
            0xFC, 0x29, 0x06, 0xE2, 0x95, 0xD7, 0xCD, 0xDD, 0x1B, 0xF7, 0x81, 0xC1, 0xFB, 0x81, 0x06, 0xFB, 0x2A, 0x42, 0xFB, 0x0D, 
            0xFB, 0x05, 0xFB, 0x06, 0xD7, 0xFB, 0x0C, 0xF7, 0x27, 0x1F, 0xF7, 0x81, 0xC1, 0xFB, 0x81, 0x06, 0x39, 0x3F, 0xCD, 0xE2, 
            0x81, 0x1F, 0x0E, 0xA9, 0x66, 0x76, 0xC5, 0xC1, 0xF7, 0x2D, 0xC1, 0xF7, 0x2D, 0xC1, 0xE2, 0x77, 0x01, 0xB8, 0xC2, 0x03, 
            0xE9, 0x6A, 0x15, 0xB7, 0x72, 0xB8, 0xD8, 0x05, 0x80, 0x9A, 0xA9, 0x83, 0xA1, 0x1B, 0xF7, 0x93, 0xC1, 0xFB, 0x89, 0x06, 
            0x7F, 0x73, 0x8D, 0x95, 0x7C, 0x1F, 0xDB, 0xF7, 0x21, 0x05, 0xF7, 0x6C, 0xC1, 0xFB, 0x4E, 0x06, 0xE2, 0xF7, 0x2D, 0x05, 
            0xEE, 0xC1, 0x47, 0x06, 0xAE, 0xC9, 0x5D, 0xA4, 0x5A, 0x34, 0x05, 0xFB, 0x08, 0x06, 0x29, 0xFB, 0x0A, 0x2E, 0xFB, 0x1B, 
            0x38, 0xA7, 0x57, 0xCC, 0x4F, 0x1F, 0x65, 0xF7, 0x6C, 0x15, 0xD2, 0x91, 0xD6, 0xDF, 0xD5, 0x1B, 0xE8, 0x06, 0x32, 0xFB, 
            0x2F, 0x05, 0x2E, 0xFB, 0x3B, 0x15, 0x6E, 0xA6, 0x70, 0xB3, 0x83, 0xB9, 0x08, 0xF7, 0x14, 0x06, 0x0E, 0xFB, 0x88, 0x7A, 
            0xBA, 0xF7, 0x4B, 0xC2, 0xF7, 0x4A, 0xBD, 0x01, 0xF7, 0xD4, 0xE9, 0x03, 0xBB, 0x8E, 0x15, 0x85, 0x9D, 0xAB, 0x7D, 0xBE, 
            0x1B, 0xF7, 0x22, 0xF7, 0x0F, 0xF7, 0x01, 0xF7, 0x3D, 0xE3, 0x50, 0xF7, 0x2B, 0xFB, 0x43, 0x6C, 0x69, 0x88, 0x82, 0x64, 
            0x1F, 0x60, 0x07, 0x8E, 0x98, 0x99, 0x8D, 0x98, 0x1B, 0xF0, 0xF2, 0x45, 0xFB, 0x04, 0x1F, 0xFB, 0x5C, 0x54, 0xF7, 0x5A, 
            0x06, 0x24, 0x2F, 0x3B, 0x25, 0x72, 0x71, 0x8F, 0x94, 0x72, 0x1E, 0x0E, 0xF7, 0x20, 0x26, 0xA2, 0xF9, 0xBA, 0xA2, 0x01, 
            0xF7, 0x0E, 0xF7, 0x05, 0xF7, 0xFA, 0xF7, 0x05, 0x03, 0xA4, 0x3D, 0x15, 0x74, 0xF7, 0xC7, 0xA2, 0x07, 0x50, 0x65, 0xA0, 
            0xD1, 0x1F, 0xF9, 0x43, 0xF7, 0xFA, 0xFD, 0x43, 0x07, 0x45, 0x65, 0x76, 0x51, 0x1E, 0x74, 0xF7, 0xC6, 0xA2, 0x07, 0x50, 
            0x65, 0xA0, 0xD1, 0x1F, 0xF8, 0xF2, 0x07, 0xE8, 0xD0, 0x9B, 0xA7, 0x1E, 0xA2, 0xFD, 0x9E, 0x74, 0x07, 0xA7, 0xD0, 0x7B, 
            0x2E, 0x1F, 0xFC, 0xF2, 0x07, 0x45, 0x66, 0x76, 0x4F, 0x1E, 0x0E, 0xA9, 0x27, 0xF2, 0xF9, 0x4D, 0xB8, 0x01, 0xF8, 0xEF, 
            0x9F, 0x03, 0x99, 0xFB, 0x00, 0x15, 0x9F, 0xA6, 0x93, 0x9F, 0x1B, 0xF8, 0x78, 0x8E, 0x05, 0xA4, 0xAF, 0x84, 0x87, 0xA5, 
            0x1F, 0x98, 0xF1, 0x90, 0x9F, 0xA4, 0xF1, 0x08, 0x74, 0x06, 0x32, 0x68, 0x6B, 0x73, 0x3D, 0x1B, 0xFB, 0xFD, 0x06, 0xF7, 
            0xBA, 0xF7, 0xE7, 0xFB, 0xA5, 0xF7, 0xFA, 0x05, 0xF7, 0x91, 0x06, 0xF7, 0x14, 0x9A, 0x5A, 0x4A, 0x9F, 0x1F, 0x9F, 0x06, 
            0x85, 0xF7, 0x33, 0x05, 0xFC, 0x85, 0x06, 0x69, 0x65, 0x90, 0x8D, 0x69, 0x1F, 0xF7, 0xF1, 0xFC, 0x5A, 0x05, 0x0E, 0xF7, 
            0x7D, 0xC2, 0x01, 0x96, 0xF7, 0x7D, 0x15, 0x42, 0x0A, 0x0E, 0xFB, 0x4B, 0xF7, 0x2F, 0x76, 0xF7, 0x4F, 0xB9, 0x9E, 0xDB, 
            0xE0, 0x77, 0x01, 0xF7, 0x81, 0x9D, 0x03, 0xCC, 0xF7, 0x94, 0x15, 0x75, 0x9E, 0x7F, 0x9F, 0xA2, 0x93, 0xA0, 0xA1, 0x9F, 
            0x1E, 0x9E, 0xA0, 0x97, 0x96, 0xAB, 0x9F, 0x08, 0x8E, 0x90, 0x92, 0x8C, 0x8D, 0x1B, 0x91, 0x8A, 0x7F, 0x87, 0x76, 0x86, 
            0x7A, 0x86, 0x7C, 0x1F, 0x83, 0x73, 0x80, 0x77, 0x6D, 0x1A, 0x74, 0x96, 0x76, 0xA6, 0xA5, 0x95, 0xA2, 0xA0, 0x8C, 0x1E, 
            0xA9, 0x81, 0x9F, 0x83, 0xA4, 0x1E, 0x86, 0x9A, 0x87, 0x9B, 0xA0, 0x1A, 0x8F, 0x89, 0x96, 0x91, 0x8E, 0x8E, 0x8A, 0x87, 
            0x92, 0x1E, 0xA6, 0x7A, 0x9E, 0x7A, 0x98, 0x7E, 0x08, 0x73, 0xA3, 0x99, 0x75, 0xA6, 0x1B, 0x9B, 0x99, 0x97, 0xA1, 0xAA, 
            0x68, 0x94, 0x6E, 0x93, 0x1F, 0x6F, 0x93, 0x6B, 0x93, 0x74, 0x97, 0x08, 0x84, 0x8F, 0x85, 0x8E, 0x90, 0x1A, 0x8E, 0x8F, 
            0x8F, 0x94, 0x90, 0x1E, 0xCD, 0xAA, 0x8D, 0x82, 0xB3, 0x95, 0x08, 0x97, 0x8E, 0xA6, 0x98, 0xA3, 0x1A, 0xA4, 0x7A, 0x97, 
            0x78, 0x6E, 0x79, 0x6B, 0x6F, 0x70, 0x1E, 0x7F, 0x7F, 0x7A, 0x7F, 0x7D, 0x83, 0x08, 0x88, 0x85, 0x86, 0x88, 0x88, 0x1B, 
            0x87, 0x8A, 0x90, 0x98, 0xA6, 0x92, 0x9E, 0x92, 0x9F, 0x1F, 0x91, 0x9C, 0x91, 0x9D, 0xA4, 0x1A, 0x9D, 0x83, 0xA1, 0x70, 
            0x70, 0x83, 0x76, 0x79, 0x73, 0x91, 0x79, 0x91, 0x78, 0x1E, 0x92, 0x77, 0x92, 0x77, 0x71, 0x1A, 0x7F, 0x8A, 0x85, 0x87, 
            0x88, 0x87, 0x8D, 0x8F, 0x84, 0x1E, 0x75, 0x96, 0x7D, 0x97, 0x80, 0x96, 0x08, 0xA3, 0x75, 0x80, 0xAE, 0x6A, 0x1B, 0x73, 
            0x7B, 0x7A, 0x75, 0x71, 0x9F, 0x83, 0xB3, 0x84, 0x1F, 0xA8, 0x86, 0x8B, 0x8D, 0xC5, 0x70, 0x08, 0x96, 0x86, 0x90, 0x87, 
            0x88, 0x1A, 0x88, 0x87, 0x87, 0x82, 0x86, 0x1E, 0x70, 0x7B, 0x71, 0x84, 0x72, 0x86, 0x08, 0x6B, 0x86, 0x63, 0x7F, 0x6C, 
            0x1A, 0x0E, 0x65, 0xFA, 0x4F, 0x01, 0x95, 0xF8, 0x8D, 0x03, 0xF8, 0x01, 0x65, 0x15, 0xF7, 0x2A, 0xFA, 0x4A, 0x68, 0x90, 
            0xFB, 0x13, 0xFD, 0xB2, 0xFB, 0x59, 0xF8, 0x31, 0xFB, 0x26, 0x43, 0x9B, 0x6A, 0xEB, 0xBA, 0x05, 0x0E, 0xA9, 0xF7, 0x0F, 
            0xBE, 0xF7, 0x46, 0xBF, 0x01, 0xA6, 0xC0, 0x03, 0xF8, 0x01, 0xF7, 0x81, 0x15, 0x60, 0xB6, 0xDA, 0x44, 0xD0, 0x1B, 0xAD, 
            0xA8, 0x9B, 0x9F, 0x9F, 0x1F, 0x6B, 0xAD, 0x05, 0x7F, 0x7D, 0x7B, 0x84, 0x7A, 0x1B, 0x5D, 0x59, 0xB2, 0xC4, 0x50, 0x1F, 
            0xBC, 0xBF, 0xBA, 0xB0, 0xB8, 0x1B, 0xA0, 0x9F, 0x85, 0x7B, 0x9F, 0x1F, 0xA8, 0xB1, 0x05, 0x93, 0x7E, 0x72, 0xA3, 0x63, 
            0x1B, 0x37, 0x68, 0x64, 0x4E, 0x3F, 0x1F, 0xC6, 0x44, 0x51, 0xB4, 0x47, 0x1B, 0x33, 0x55, 0x3F, 0x51, 0x3E, 0xC3, 0x45, 
            0xDE, 0xD6, 0xC7, 0xBF, 0xC9, 0xCB, 0x1F, 0x62, 0xAB, 0x15, 0x73, 0x7D, 0x3B, 0x45, 0x4F, 0x1B, 0x56, 0x66, 0xC2, 0xB2, 
            0xA5, 0xA3, 0xC4, 0xCF, 0xBE, 0xE1, 0x4C, 0x77, 0x9A, 0x1F, 0x0E, 0xA9, 0xF7, 0x10, 0xBE, 0xF7, 0x48, 0xBC, 0x01, 0xA5, 
            0xBE, 0xF8, 0xC2, 0xC0, 0x03, 0xF7, 0xF9, 0xF7, 0x80, 0x15, 0x76, 0xA3, 0xCF, 0x30, 0xDF, 0x1B, 0xF4, 0xBD, 0xD2, 0xD5, 
            0xD1, 0x4A, 0xCC, 0x31, 0x36, 0x67, 0x5A, 0x56, 0x54, 0x1F, 0xC5, 0x4D, 0x61, 0xB7, 0x34, 0x1B, 0x42, 0x8A, 0x48, 0x4F, 
            0x41, 0x1A, 0x41, 0xBA, 0x44, 0xE8, 0xF2, 0xCB, 0xE6, 0xA0, 0xA3, 0x1E, 0x69, 0xAC, 0x15, 0x58, 0x5D, 0x5A, 0x60, 0x4D, 
            0x1B, 0x5C, 0x61, 0xAE, 0xC6, 0xB0, 0xA6, 0xBC, 0xC9, 0xBF, 0xB3, 0x6B, 0x55, 0xCC, 0x1F, 0xCE, 0x16, 0xC2, 0xCA, 0xA1, 
            0xA8, 0xC5, 0x1B, 0xD6, 0xA6, 0x51, 0x71, 0x49, 0x56, 0x6D, 0x5A, 0x61, 0x61, 0xB2, 0xC4, 0x50, 0x1F, 0x0E, 0xE0, 0x8B, 
            0xC2, 0xF8, 0xFE, 0x77, 0x01, 0xA5, 0x16, 0xF9, 0x5C, 0xC2, 0xFC, 0xD6, 0x06, 0xF8, 0xD6, 0xF8, 0xD9, 0x62, 0xB0, 0x05, 
            0x0E, 0x3B, 0xA0, 0x76, 0xF8, 0x5A, 0x77, 0x01, 0xA2, 0x16, 0xCC, 0x06, 0xF7, 0x6B, 0xF7, 0xF2, 0xF7, 0x6B, 0xFB, 0xF2, 
            0x05, 0xCC, 0x06, 0xFB, 0xAC, 0xF8, 0x5A, 0x05, 0x0E, 0x3B, 0xA0, 0x76, 0xF8, 0x71, 0x77, 0x01, 0xA9, 0xF8, 0xB8, 0x03, 
            0xA9, 0xF8, 0x54, 0x15, 0xF7, 0xA6, 0xFC, 0x54, 0xF7, 0xA6, 0xF8, 0x54, 0x5F, 0xA8, 0xFB, 0x7A, 0xFC, 0x0B, 0xFB, 0x7A, 
            0xF8, 0x0B, 0x05, 0x0E, 0xE0, 0xA0, 0x76, 0xF8, 0x61, 0xBB, 0x55, 0x0A, 0x16, 0xC2, 0xF7, 0x51, 0x06, 0xF7, 0x23, 0xF7, 
            0x27, 0xF7, 0x15, 0xF7, 0x24, 0xF7, 0x32, 0xF7, 0x19, 0xFB, 0x27, 0xFB, 0x11, 0x1E, 0xFB, 0x51, 0xC2, 0xF7, 0x51, 0x07, 
            0xF7, 0x41, 0xFB, 0x2F, 0xF7, 0x27, 0xFB, 0x53, 0xFB, 0x53, 0xFB, 0x2F, 0xFB, 0x27, 0xFB, 0x41, 0x1E, 0x0E, 0xE0, 0x7A, 
            0xBA, 0xF8, 0x62, 0x77, 0x55, 0x0A, 0xF7, 0xC1, 0x15, 0xFB, 0x41, 0xF7, 0x2F, 0xFB, 0x25, 0x4B, 0x0A, 0xF7, 0x2F, 0xF7, 
            0x25, 0xF7, 0x41, 0x1E, 0xF7, 0x53, 0x54, 0xFB, 0x52, 0x07, 0xFB, 0x11, 0xFB, 0x19, 0xFB, 0x27, 0xFB, 0x32, 0xFB, 0x24, 
            0xFB, 0x27, 0xF7, 0x15, 0xF7, 0x23, 0x1E, 0xF7, 0x52, 0x54, 0x07, 0x0E, 0xFC, 0x2D, 0x20, 0xF7, 0x04, 0xF9, 0xB8, 0xF6, 
            0x01, 0xF7, 0x0C, 0xD1, 0x03, 0x8D, 0x58, 0x15, 0x6A, 0xAA, 0x74, 0xAE, 0xF7, 0x27, 0x6E, 0xF8, 0x5D, 0xF7, 0x1E, 0x8F, 
            0x1E, 0xF7, 0x1C, 0x76, 0xF7, 0x31, 0x8D, 0xB0, 0x1E, 0x95, 0x8C, 0x8E, 0x92, 0x94, 0x9B, 0x9A, 0x71, 0xAC, 0x1B, 0xA4, 
            0x9D, 0x9D, 0xA6, 0xB2, 0x72, 0xA2, 0x67, 0xFB, 0x0B, 0x94, 0xFB, 0x8A, 0xFB, 0x27, 0x1F, 0x8A, 0xFB, 0xCA, 0x90, 0x2E, 
            0x8D, 0x41, 0x08, 0x5C, 0x8D, 0x8A, 0x73, 0x7C, 0x7C, 0x7A, 0xA9, 0x71, 0x1B, 0x6F, 0x73, 0x7E, 0x60, 0x1F, 0x0E, 0xF7, 
            0x48, 0x8B, 0xF7, 0x15, 0xF7, 0x6F, 0xF7, 0x16, 0x01, 0xF7, 0x37, 0xF7, 0x15, 0xD6, 0xF7, 0x16, 0xD6, 0xF7, 0x15, 0x14, 
            0x38, 0xF7, 0x37, 0xCC, 0x15, 0x52, 0x0A, 0x6F, 0xA7, 0x67, 0x67, 0x6E, 0x6F, 0x67, 0x1E, 0xF8, 0x2D, 0x16, 0x52, 0x0A, 
            0x6D, 0xA7, 0x67, 0x67, 0x70, 0x6F, 0x67, 0x1E, 0xFB, 0x61, 0xF7, 0xF0, 0x15, 0x67, 0xA8, 0x6E, 0xAF, 0xAF, 0xA8, 0xA8, 
            0xAF, 0xAF, 0x6E, 0xA8, 0x67, 0x67, 0x6E, 0x6E, 0x67, 0x1E, 0x0E, 0xF7, 0x5F, 0xBF, 0x8B, 0xBF, 0x12, 0x9C, 0xF8, 0x94, 
            0x17, 0x13, 0x60, 0xBC, 0xF7, 0x5F, 0x15, 0xA9, 0xA6, 0xAA, 0xA1, 0xB8, 0x1B, 0xA9, 0xAA, 0x7F, 0x7C, 0xBA, 0x1F, 0x7F, 
            0xB1, 0xC0, 0x7E, 0xBA, 0x1B, 0xA2, 0xA1, 0x92, 0x94, 0x9F, 0x1F, 0xAA, 0x9A, 0xA5, 0xA0, 0x94, 0x9D, 0x6A, 0xAD, 0x18, 
            0x7C, 0x7D, 0x6F, 0x66, 0x53, 0x1B, 0x63, 0x5F, 0x96, 0x98, 0x65, 0x1F, 0x13, 0xE0, 0x99, 0x63, 0x66, 0x99, 0x5C, 0x1B, 
            0x40, 0x6A, 0x61, 0x73, 0x70, 0x1F, 0x0E, 0x8B, 0xC2, 0xF7, 0x15, 0xC2, 0xF7, 0x1B, 0xBA, 0x90, 0xBB, 0x12, 0x96, 0xF7, 
            0x4C, 0x15, 0x3A, 0x0A, 0xFB, 0x83, 0x04, 0x3A, 0x0A, 0x13, 0x30, 0xBA, 0xF7, 0xCF, 0x15, 0xAB, 0xA8, 0xA2, 0xA3, 0xBE, 
            0x1B, 0xA5, 0xAD, 0x84, 0x7B, 0xB9, 0x1F, 0x13, 0x20, 0x78, 0xC0, 0xB4, 0x81, 0xAF, 0x1B, 0xA4, 0xA1, 0x90, 0x96, 0xA2, 
            0x1F, 0xB7, 0xA0, 0x96, 0xA4, 0x93, 0x9A, 0x66, 0xA3, 0x18, 0x7B, 0x7D, 0x73, 0x65, 0x4B, 0x1B, 0x72, 0x63, 0x94, 0x97, 
            0x6C, 0x1F, 0x13, 0x10, 0x66, 0x99, 0x60, 0x9C, 0x5E, 0x8C, 0x08, 0x34, 0x5E, 0x5D, 0x6B, 0x77, 0x1F, 0x0E, 0xF7, 0x1B, 
            0xBE, 0xF4, 0xBE, 0x12, 0x99, 0xF8, 0x96, 0x17, 0xB9, 0xF7, 0xB7, 0x57, 0x0A, 0xB3, 0x7B, 0x7D, 0xBC, 0x1F, 0x80, 0xB0, 
            0xB6, 0x32, 0x0A, 0x97, 0x98, 0x65, 0x1F, 0x98, 0x63, 0x62, 0x99, 0x5C, 0x1B, 0x40, 0x68, 0x63, 0x72, 0x6D, 0x1F, 0xAB, 
            0xFB, 0x56, 0x57, 0x0A, 0xB5, 0x7B, 0x7D, 0xBC, 0x1F, 0x13, 0xA0, 0x80, 0xB0, 0xB4, 0x32, 0x0A, 0x98, 0x98, 0x64, 0x1F, 
            0x98, 0x63, 0x63, 0x98, 0x5C, 0x1B, 0x40, 0x68, 0x62, 0x72, 0x6D, 0x1F, 0x0E, 0x87, 0x76, 0xF7, 0x35, 0xC2, 0xF7, 0x1F, 
            0xC2, 0xF7, 0x38, 0x77, 0x01, 0xE9, 0x16, 0xBD, 0x72, 0xE6, 0xF7, 0x35, 0x05, 0xF7, 0xC5, 0xC2, 0xFB, 0xA7, 0x06, 0xD8, 
            0xF7, 0x1F, 0x05, 0xF7, 0x5A, 0xC2, 0xFB, 0x3C, 0x06, 0xD7, 0xF7, 0x1C, 0x5A, 0xA7, 0x30, 0xFB, 0x38, 0x05, 0xFB, 0xB9, 
            0x54, 0xF7, 0x9A, 0x06, 0x3E, 0xFB, 0x1F, 0x05, 0xFB, 0x4D, 0x54, 0xF7, 0x2F, 0x06, 0x0E, 0xDD, 0xC2, 0xED, 0xC2, 0xED, 
            0xC2, 0x01, 0x99, 0xF8, 0xA0, 0x14, 0xE0, 0x99, 0xF8, 0x18, 0x15, 0x42, 0x0A, 0xFB, 0x64, 0x04, 0x42, 0x0A, 0xFB, 0x64, 
            0x04, 0x42, 0x0A, 0x0E, 0x3D, 0x0A, 0xF7, 0xB8, 0x04, 0xF8, 0x85, 0xFB, 0x76, 0x05, 0xC9, 0x07, 0xFC, 0x45, 0xF7, 0x57, 
            0x3E, 0x0A, 0x3D, 0x0A, 0xCD, 0x04, 0xF8, 0x85, 0xF7, 0x76, 0x05, 0x51, 0x0A, 0xF8, 0x45, 0xFB, 0x5B, 0xFC, 0x45, 0xFB, 
            0x57, 0x05, 0x0E, 0xA9, 0x8B, 0x47, 0x0A, 0xB1, 0xC5, 0x03, 0xF9, 0x46, 0x16, 0xC2, 0xFC, 0x29, 0x07, 0x21, 0x8C, 0x39, 
            0xE3, 0xE2, 0x1A, 0xF0, 0xE1, 0xDE, 0xF3, 0x1E, 0xF8, 0x27, 0xC2, 0xFC, 0x28, 0x06, 0xFB, 0x33, 0x34, 0xFB, 0x11, 0xFB, 
            0x06, 0x8A, 0x1F, 0xFB, 0x19, 0x8A, 0xF7, 0x06, 0x29, 0xF7, 0x16, 0x1B, 0x0E, 0xA9, 0x8B, 0x47, 0x0A, 0xF8, 0xFB, 0xC5, 
            0x03, 0xF8, 0x40, 0x16, 0xF7, 0x16, 0xF7, 0x07, 0xED, 0xF7, 0x19, 0xF7, 0x06, 0x31, 0xF7, 0x11, 0xFB, 0x33, 0x1F, 0xFC, 
            0x28, 0x54, 0xF8, 0x27, 0x06, 0xF3, 0xE3, 0x38, 0x26, 0x34, 0x37, 0x33, 0x21, 0x58, 0x0A, 0xA9, 0x5A, 0x76, 0xD1, 0xC2, 
            0xF7, 0xFB, 0xC2, 0xD2, 0x77, 0x01, 0xAF, 0xC5, 0x03, 0xF7, 0x8D, 0x45, 0x15, 0xC7, 0x06, 0xAF, 0xD1, 0x05, 0xF7, 0xED, 
            0xC2, 0xFB, 0xD0, 0x06, 0xF7, 0x44, 0xF7, 0xFB, 0x05, 0xF7, 0x20, 0xC2, 0xFB, 0x04, 0x06, 0xB0, 0xD2, 0x05, 0x4F, 0x06, 
            0x67, 0x44, 0x05, 0xFB, 0x8A, 0x06, 0xFB, 0x04, 0xFB, 0x11, 0x36, 0xFB, 0x2B, 0xFB, 0x31, 0xF7, 0x11, 0x3F, 0xF7, 0x10, 
            0x8A, 0x1F, 0xA7, 0xC2, 0x15, 0xFB, 0x14, 0x8C, 0x30, 0xDC, 0xEE, 0x1A, 0xE2, 0xD9, 0xE7, 0xF5, 0x1E, 0xF7, 0x68, 0x06, 
            0x0E, 0xA9, 0xFB, 0x11, 0xC2, 0xD1, 0x47, 0x0A, 0xB0, 0xC3, 0x03, 0xB0, 0x45, 0x15, 0x54, 0xF9, 0x21, 0xC2, 0x07, 0xD1, 
            0x04, 0xC2, 0xFC, 0x29, 0x07, 0xFB, 0x10, 0x8C, 0x46, 0xEE, 0x8C, 0xDC, 0x08, 0xF7, 0x00, 0x8C, 0xEA, 0xD2, 0xED, 0x1B, 
            0xF8, 0x27, 0xC2, 0xFC, 0x28, 0x06, 0xFB, 0x40, 0x3E, 0xFB, 0x16, 0xFB, 0x01, 0xFB, 0x19, 0xF3, 0x29, 0xF7, 0x21, 0x1F, 
            0x0E, 0xA9, 0xFB, 0x11, 0xC2, 0xD1, 0x47, 0x0A, 0xF8, 0xFD, 0xC3, 0x03, 0x9F, 0xFB, 0x11, 0x15, 0xF9, 0x21, 0xC2, 0xFD, 
            0x21, 0x06, 0xF8, 0x2C, 0xD1, 0x15, 0xF7, 0x21, 0xF3, 0xED, 0xF7, 0x19, 0xF7, 0x01, 0x3E, 0xF7, 0x16, 0xFB, 0x40, 0x1F, 
            0xFC, 0x28, 0x54, 0xF8, 0x27, 0x06, 0xED, 0xEB, 0x44, 0xFB, 0x00, 0x3A, 0x47, 0x28, 0xFB, 0x10, 0x58, 0x0A, 0xE0, 0x7C, 
            0xC0, 0xF7, 0x9D, 0xC1, 0xF7, 0x9D, 0xC0, 0x01, 0xB6, 0xC4, 0xF7, 0x99, 0xC1, 0xF7, 0x9D, 0xC0, 0x14, 0xE0, 0xF7, 0x24, 
            0xF7, 0xC3, 0x15, 0xF7, 0x6D, 0xFB, 0x71, 0xC1, 0xF7, 0x71, 0xF7, 0x6E, 0xC1, 0xFB, 0x6E, 0xF7, 0x6F, 0x55, 0xFB, 0x6F, 
            0xFB, 0x6D, 0x06, 0x5F, 0x70, 0x15, 0xF7, 0x35, 0xF7, 0x13, 0x30, 0x0A, 0xFB, 0x13, 0xF7, 0x17, 0xF7, 0x35, 0x1E, 0x52, 
            0x16, 0x21, 0x0A, 0x0E, 0xE0, 0x7A, 0xC0, 0xF8, 0xDC, 0xC0, 0x01, 0xB6, 0xC0, 0xF8, 0xDC, 0xC0, 0x03, 0xF7, 0x54, 0xF7, 
            0x3F, 0x15, 0xB2, 0x64, 0xF7, 0x31, 0xF7, 0x32, 0xF7, 0x32, 0xFB, 0x33, 0xB2, 0xB1, 0xFB, 0x32, 0xF7, 0x33, 0xF7, 0x30, 
            0xF7, 0x30, 0x64, 0xB1, 0xFB, 0x30, 0xFB, 0x30, 0xFB, 0x31, 0xF7, 0x32, 0x64, 0x64, 0xF7, 0x31, 0xFB, 0x31, 0x05, 0xFB, 
            0xC6, 0x16, 0x21, 0x0A, 0xC0, 0x16, 0xF7, 0x35, 0xF7, 0x17, 0x30, 0x0A, 0xFB, 0x17, 0xF7, 0x17, 0xF7, 0x35, 0x1E, 0x0E, 
            0x72, 0x8B, 0xC2, 0xF8, 0xFF, 0x77, 0x01, 0xF7, 0xC6, 0xC2, 0x03, 0x9A, 0x16, 0xF9, 0x11, 0xC2, 0xFB, 0xB7, 0xF8, 0xFF, 
            0x54, 0xFC, 0xFF, 0xFB, 0xB7, 0x06, 0x0E, 0xFC, 0x45, 0xF7, 0x66, 0xEF, 0x01, 0xD0, 0xEF, 0x03, 0xD0, 0xF7, 0x98, 0x15, 
            0x6F, 0xA1, 0x75, 0xA7, 0xA6, 0xA2, 0xA1, 0xA7, 0xA6, 0x74, 0xA2, 0x70, 0x6F, 0x75, 0x74, 0x70, 0x1E, 0x0E, 0x8E, 0x4D, 
            0x76, 0xF9, 0xE9, 0xF7, 0x2B, 0x01, 0xF7, 0xE0, 0xD1, 0x03, 0xF7, 0xE0, 0x38, 0x15, 0xD1, 0xF8, 0x13, 0x06, 0xF8, 0x88, 
            0xF7, 0x33, 0xD0, 0xAE, 0x93, 0x92, 0x89, 0x89, 0x8F, 0x1E, 0x82, 0x86, 0x80, 0x79, 0x78, 0x1A, 0x73, 0x9D, 0x6E, 0xB1, 
            0xB7, 0x9F, 0xB3, 0xB2, 0xAF, 0x68, 0xAF, 0x5E, 0x4F, 0xFB, 0x87, 0x59, 0xFC, 0xD3, 0x1E, 0x0E, 0x8E, 0x3A, 0xF7, 0x29, 
            0xF9, 0xE9, 0x77, 0x01, 0xF7, 0xEE, 0xD0, 0x03, 0xF7, 0x1E, 0x70, 0x15, 0x94, 0x90, 0x96, 0x9D, 0x9E, 0x1A, 0xA3, 0x79, 
            0xA8, 0x65, 0x5F, 0x78, 0x64, 0x64, 0x67, 0xAD, 0x68, 0xB8, 0xC7, 0xF7, 0x81, 0xBB, 0xF8, 0xD3, 0x1E, 0xF8, 0x0F, 0x46, 
            0xFC, 0x13, 0x07, 0xFC, 0x88, 0xFB, 0x2E, 0x46, 0x68, 0x83, 0x84, 0x8D, 0x8D, 0x87, 0x1E, 0x0E, 0x4C, 0x0A, 0xA4, 0xF7, 
            0xA6, 0x15, 0xF7, 0x7A, 0xFC, 0x6C, 0xBE, 0xA4, 0xFB, 0x6E, 0xF8, 0x53, 0xF7, 0x6E, 0xF8, 0x54, 0x58, 0xA3, 0x05, 0x0E, 
            0x4C, 0x0A, 0xD3, 0xFB, 0x5A, 0x15, 0xF7, 0x7A, 0xF8, 0x6C, 0xFB, 0x7A, 0xF8, 0x6C, 0x58, 0x73, 0xF7, 0x6E, 0xFC, 0x54, 
            0xFB, 0x6E, 0xFC, 0x53, 0x05, 0x0E, 0xFB, 0x51, 0xA0, 0x76, 0xF9, 0x7D, 0x77, 0x01, 0x9D, 0xC7, 0xF7, 0xDE, 0xC7, 0x03, 
            0xF7, 0x68, 0x16, 0xC7, 0x06, 0xF7, 0x58, 0xF8, 0x0D, 0xFB, 0x58, 0xF8, 0x04, 0x05, 0x4F, 0x06, 0xFB, 0x56, 0xFC, 0x04, 
            0x05, 0xF7, 0x74, 0xFB, 0xD6, 0x15, 0xFB, 0x38, 0xF7, 0xD6, 0xF7, 0x38, 0xF7, 0xCE, 0xF7, 0x3A, 0xFB, 0xCE, 0x05, 0x0E, 
            0xD1, 0x7C, 0x76, 0xF8, 0xDC, 0x77, 0x01, 0xF7, 0xEC, 0xC1, 0x03, 0xF7, 0xBB, 0x67, 0x15, 0xF7, 0x2C, 0x06, 0x84, 0x95, 
            0x62, 0xAC, 0x8A, 0xCE, 0x08, 0xAF, 0x8A, 0x94, 0xA0, 0x9D, 0x1B, 0x91, 0x8F, 0x86, 0x81, 0x90, 0x1F, 0x5D, 0xA2, 0xA2, 
            0x5E, 0xCC, 0x1B, 0xBB, 0xAA, 0xC4, 0xBB, 0xC0, 0x74, 0xB2, 0x61, 0xC2, 0x1F, 0x2D, 0xF7, 0x10, 0x6F, 0xAE, 0x44, 0xF7, 
            0x04, 0x44, 0xFB, 0x04, 0x6F, 0x68, 0x2D, 0xFB, 0x10, 0x08, 0x61, 0x54, 0x74, 0x64, 0x56, 0x1A, 0x5F, 0xA1, 0x4C, 0xCB, 
            0xC8, 0xA6, 0xC6, 0xB1, 0x9C, 0x1E, 0x92, 0x8E, 0x8F, 0x90, 0x94, 0x1B, 0x98, 0x97, 0x77, 0x65, 0x8A, 0x1F, 0x8A, 0x48, 
            0x62, 0x6A, 0x84, 0x81, 0x08, 0x0E, 0xD1, 0x86, 0x76, 0xF7, 0x3C, 0xF7, 0x17, 0x12, 0xF7, 0xE5, 0xD2, 0x4F, 0xBD, 0x13, 
            0xD0, 0xF7, 0xBF, 0x71, 0x15, 0xF7, 0x28, 0x06, 0x70, 0xAC, 0x75, 0x9F, 0xCD, 0x1A, 0xAA, 0x8E, 0x9E, 0x99, 0x95, 0x9A, 
            0x7E, 0x6F, 0xA2, 0x1E, 0x6B, 0xA6, 0xAB, 0x81, 0xB2, 0x1B, 0xC5, 0xB4, 0xC7, 0xC9, 0xD1, 0x67, 0xC6, 0x47, 0x5F, 0x5E, 
            0x6D, 0x83, 0x7C, 0x1F, 0x13, 0xE0, 0x70, 0x7D, 0x7A, 0x92, 0x9A, 0x1A, 0x92, 0x8F, 0x92, 0x90, 0x90, 0x1E, 0x9D, 0x9E, 
            0xCD, 0xB0, 0xD1, 0x1A, 0xD9, 0x4B, 0xA8, 0x4B, 0x4A, 0x4B, 0x6C, 0x38, 0x48, 0xD1, 0x67, 0x9A, 0x7B, 0x1E, 0x90, 0x85, 
            0x8E, 0x85, 0x84, 0x1A, 0x7C, 0x79, 0x86, 0x72, 0x97, 0x1E, 0x93, 0x7C, 0x64, 0xA9, 0x5F, 0x1B, 0x46, 0x62, 0x53, 0x46, 
            0x47, 0xB5, 0x50, 0xCC, 0xAF, 0xA8, 0x98, 0xA9, 0xA5, 0x1F, 0xA7, 0xA4, 0x9B, 0x97, 0x94, 0x1B, 0x13, 0xD0, 0x99, 0x8B, 
            0x71, 0x74, 0x49, 0x74, 0x76, 0x71, 0x6B, 0x1F, 0x0E, 0xD1, 0x7F, 0x76, 0xF8, 0xC9, 0x77, 0x01, 0xF8, 0x0A, 0x6A, 0x15, 
            0xD9, 0xF7, 0x07, 0x9A, 0xA7, 0xE6, 0xF7, 0x09, 0x08, 0xB4, 0xC0, 0xAB, 0xC0, 0xC4, 0x1A, 0xF7, 0x08, 0x43, 0xA5, 0x61, 
            0x5D, 0x5D, 0x76, 0x48, 0x72, 0x1E, 0x78, 0x83, 0x88, 0x75, 0x7C, 0x1B, 0x7C, 0x88, 0xA1, 0x9E, 0x83, 0x1F, 0xCE, 0x72, 
            0x5D, 0xA0, 0x5D, 0x1B, 0x61, 0x43, 0x71, 0xFB, 0x08, 0x52, 0xAB, 0x56, 0xB4, 0x56, 0x1F, 0xE6, 0xFB, 0x09, 0x9A, 0x6F, 
            0xD9, 0xFB, 0x07, 0x08, 0x0E, 0xD1, 0x7C, 0x76, 0xF8, 0xDE, 0x77, 0x01, 0xF7, 0x22, 0xF8, 0x5E, 0x03, 0xF7, 0x22, 0xF7, 
            0x95, 0x15, 0xF7, 0x7C, 0xFB, 0xB9, 0xF7, 0x76, 0xF7, 0xB9, 0xFB, 0x76, 0xF7, 0xB9, 0x05, 0x0E, 0xF6, 0x7C, 0xB3, 0xF3, 
            0xB1, 0xF7, 0xDB, 0xA5, 0xF7, 0x07, 0xB3, 0x01, 0xBE, 0xB3, 0xF7, 0x0A, 0xCC, 0xF7, 0x92, 0x9F, 0xF7, 0x2D, 0xB3, 0x03, 
            0xF8, 0xAF, 0xF7, 0x70, 0x15, 0x62, 0x59, 0x6A, 0x7F, 0x5E, 0x1B, 0x40, 0x4D, 0xC7, 0xF1, 0xD5, 0xB8, 0xE6, 0xDC, 0xC6, 
            0xC6, 0x6C, 0x42, 0x95, 0x1F, 0x9F, 0x06, 0x87, 0xF7, 0x14, 0x05, 0x78, 0x06, 0x88, 0x7D, 0x7C, 0x86, 0x79, 0x8F, 0x08, 
            0x90, 0x76, 0x6B, 0x97, 0x64, 0x1B, 0x24, 0x36, 0x31, 0x23, 0xFB, 0x09, 0xDB, 0x3B, 0xF7, 0x0B, 0xD7, 0xB7, 0xBD, 0xA2, 
            0xA1, 0x1F, 0xFC, 0x87, 0xF7, 0x14, 0x23, 0x0A, 0xF6, 0x7A, 0xB3, 0xF7, 0x18, 0x9D, 0xF7, 0x31, 0xA2, 0xF7, 0x32, 0xA3, 
            0xED, 0xB3, 0x01, 0xBD, 0xB3, 0xF7, 0x51, 0xCB, 0xF7, 0x17, 0xCF, 0xF7, 0x32, 0xB3, 0x03, 0xBD, 0xF7, 0xDC, 0x4F, 0x0A, 
            0xF7, 0x52, 0xF7, 0x2F, 0xF7, 0x2E, 0xF7, 0x53, 0x48, 0x0A, 0xFB, 0x2F, 0xFB, 0x2F, 0xFB, 0x52, 0x8C, 0x2C, 0x0A, 0x1E, 
            0xFB, 0x3D, 0x8A, 0xFB, 0x1C, 0x43, 0x0A, 0x1A, 0xF7, 0x20, 0xFB, 0x40, 0x15, 0xF7, 0x34, 0x9D, 0x06, 0x75, 0x72, 0x9A, 
            0xA3, 0x1F, 0xF7, 0x0A, 0xA5, 0x07, 0xF7, 0x19, 0xFB, 0x43, 0x05, 0xEA, 0x9D, 0x06, 0x7E, 0x7F, 0x8B, 0x99, 0x80, 0x1F, 
            0xFB, 0x0C, 0xF7, 0x2C, 0x05, 0xC5, 0x9C, 0xB6, 0xA2, 0xC9, 0x1A, 0xD8, 0x3B, 0x9C, 0x4F, 0x1E, 0xFB, 0x3B, 0x79, 0x06, 
            0xB3, 0x8F, 0x80, 0x6E, 0x1F, 0xFB, 0xA0, 0x07, 0x78, 0x71, 0x7A, 0x74, 0x1E, 0xF7, 0x05, 0xF7, 0x48, 0x15, 0xF7, 0x12, 
            0x07, 0x9C, 0x95, 0x9A, 0x95, 0xCF, 0xB5, 0x79, 0x58, 0x8C, 0x1E, 0x39, 0x43, 0x85, 0x50, 0x8A, 0x1E, 0x0E, 0xF7, 0x63, 
            0xF7, 0xCE, 0x76, 0xF7, 0xF9, 0xA2, 0x79, 0x9D, 0x12, 0x9D, 0x9D, 0xF7, 0x06, 0xC6, 0xF7, 0x06, 0x9D, 0xDD, 0xA6, 0xF7, 
            0xBC, 0xC6, 0x13, 0xDF, 0xEE, 0xF7, 0xB9, 0x15, 0xF7, 0x34, 0x9D, 0x06, 0x6C, 0x78, 0x9A, 0xA2, 0x1F, 0xF7, 0xC2, 0x07, 
            0xB0, 0x8A, 0xC3, 0x89, 0xA2, 0x6E, 0x89, 0x5F, 0x19, 0x9D, 0x8C, 0x88, 0xEC, 0x05, 0xFB, 0xD1, 0x06, 0x88, 0x2A, 0x9D, 
            0x8A, 0x89, 0xB7, 0xA2, 0xA8, 0xC3, 0x8D, 0x19, 0xB0, 0x8C, 0x05, 0xFB, 0xC2, 0x4A, 0x0A, 0xF7, 0xA5, 0x79, 0x15, 0xF7, 
            0x15, 0x9D, 0x06, 0x6C, 0x77, 0x9A, 0xA2, 0x1F, 0xF7, 0x8F, 0x07, 0xF7, 0x24, 0xFB, 0xC7, 0x05, 0x9D, 0x06, 0xF7, 0x1A, 
            0xF7, 0xD7, 0x05, 0xFB, 0x9F, 0x4A, 0x0A, 0x79, 0xF7, 0x34, 0x9D, 0x07, 0x6C, 0x78, 0x9A, 0xA2, 0x1F, 0xF7, 0xAD, 0x07, 
            0x13, 0xBF, 0xA6, 0xA8, 0x89, 0xA0, 0x1E, 0x9D, 0xFB, 0x05, 0x07, 0xFB, 0x12, 0xFB, 0xB4, 0xFB, 0x18, 0xF7, 0xB4, 0x05, 
            0xFB, 0x06, 0x79, 0x06, 0xAB, 0xA0, 0x8E, 0x65, 0x1F, 0xFB, 0xA3, 0x4A, 0x0A, 0x0E, 0xFB, 0x4B, 0xFA, 0x05, 0xAF, 0x01, 
            0xF8, 0x74, 0xFA, 0x05, 0x15, 0xF8, 0xF6, 0xAF, 0xFC, 0xF6, 0x06, 0x0E, 0x3B, 0x28, 0x76, 0xFA, 0xFE, 0x49, 0x0A, 0xF7, 
            0xAC, 0xFB, 0x0C, 0x15, 0xC3, 0xFA, 0xFE, 0x53, 0x06, 0x0E, 0xF7, 0xD1, 0xF7, 0x70, 0xC3, 0x01, 0x4F, 0xFA, 0xEA, 0x03, 
            0x4F, 0xF7, 0x70, 0x15, 0xFA, 0xEA, 0xC3, 0xFE, 0xEA, 0x06, 0x0E, 0xF6, 0x77, 0xB3, 0xF7, 0xB4, 0xB6, 0xF7, 0x17, 0xB6, 
            0xF4, 0xB3, 0x01, 0xBD, 0xB3, 0xF7, 0x44, 0xBC, 0xF7, 0x54, 0xB9, 0xF7, 0x27, 0xB3, 0x03, 0xBD, 0xF7, 0xD9, 0x4F, 0x0A, 
            0x1E, 0xF7, 0x52, 0x8C, 0xF7, 0x2F, 0xF7, 0x2D, 0xF7, 0x53, 0x1A, 0x48, 0x0A, 0xFB, 0x2E, 0xFB, 0x2F, 0xFB, 0x52, 0x2C, 
            0x0A, 0xFB, 0x3D, 0xFB, 0x1C, 0xF7, 0x1C, 0xF7, 0x3C, 0x1E, 0xF7, 0x44, 0xFB, 0x50, 0x15, 0xBC, 0xF7, 0x40, 0xF7, 0x11, 
            0x06, 0xD2, 0x82, 0x3C, 0x67, 0x8C, 0x1F, 0x8C, 0x6F, 0x93, 0x89, 0x94, 0x79, 0x08, 0x9E, 0xA1, 0x8B, 0x9E, 0x1B, 0x73, 
            0xA7, 0x87, 0xA3, 0xB0, 0x1A, 0xBE, 0x7C, 0xA6, 0x6C, 0xA0, 0x1E, 0xB0, 0xA7, 0x98, 0x9D, 0xBC, 0x1A, 0xE1, 0x4D, 0x96, 
            0x50, 0x1E, 0xFB, 0x3E, 0x06, 0xBC, 0xFB, 0x42, 0x15, 0xF7, 0x17, 0xF7, 0x0E, 0x07, 0xA9, 0xB3, 0x83, 0x4A, 0x5A, 0x66, 
            0x82, 0x6A, 0x1F, 0x0E, 0xF6, 0x7C, 0xB3, 0xEF, 0xB9, 0xF7, 0xCC, 0xB6, 0xF7, 0x01, 0xB3, 0x01, 0xBC, 0xB3, 0xF7, 0x1E, 
            0xBC, 0xF7, 0x80, 0xB8, 0xF7, 0x22, 0xB3, 0x03, 0xF8, 0x94, 0xF7, 0xA6, 0x15, 0x52, 0x59, 0x5D, 0x52, 0x35, 0x60, 0xE5, 
            0xD6, 0xDD, 0xB7, 0xCC, 0xD8, 0xCE, 0xB3, 0x6F, 0x58, 0x8D, 0x1E, 0xBE, 0x06, 0xE5, 0x89, 0x44, 0xAB, 0x33, 0x1B, 0xFB, 
            0x00, 0x4E, 0x33, 0x23, 0xFB, 0x04, 0xCD, 0x2A, 0xF7, 0x04, 0xF7, 0x00, 0xB9, 0xE7, 0xC4, 0x1F, 0xFC, 0x92, 0xC3, 0x23, 
            0x0A, 0xF2, 0xF7, 0xCE, 0x76, 0xF7, 0xE5, 0xB6, 0x01, 0xF7, 0x16, 0xBC, 0xF7, 0x50, 0xBC, 0xF7, 0x98, 0xBC, 0x03, 0xF7, 
            0x16, 0xF7, 0xB9, 0x15, 0xBC, 0xF7, 0xE5, 0xF7, 0x11, 0xB6, 0xFB, 0xBF, 0x60, 0xF7, 0x11, 0x06, 0xF7, 0x81, 0xFB, 0xE5, 
            0x15, 0xBC, 0xF7, 0xC9, 0x06, 0xF4, 0xFB, 0xC4, 0x05, 0xBD, 0x06, 0xF4, 0xF7, 0xC4, 0x05, 0xFB, 0xC9, 0xBC, 0xF8, 0x10, 
            0x44, 0x07, 0xFB, 0x00, 0xFB, 0xD2, 0xFB, 0x00, 0xF7, 0xD2, 0x05, 0x44, 0x06, 0x0E, 0xFB, 0xBF, 0xFB, 0xB9, 0x1C, 0x04, 
            0xB9, 0x01, 0xA3, 0xDF, 0x03, 0xA3, 0xFB, 0xB9, 0x15, 0xDF, 0xF8, 0x2E, 0x06, 0xF7, 0xF3, 0xF5, 0xF7, 0xC9, 0xF7, 0x72, 
            0xF7, 0x1F, 0x1E, 0x7E, 0x95, 0x05, 0xFB, 0x57, 0x2A, 0xFB, 0x60, 0xFB, 0x62, 0xFC, 0x8E, 0x1A, 0x0E, 0xFB, 0xBF, 0xFA, 
            0x31, 0x8B, 0x01, 0xA3, 0xDF, 0x03, 0xA3, 0x54, 0x0A, 0x3F, 0x0A, 0xA3, 0xDF, 0x03, 0xF8, 0x41, 0xFB, 0xB9, 0x15, 0x92, 
            0x95, 0x05, 0xFB, 0x72, 0xF7, 0x29, 0x21, 0xF7, 0xBF, 0xF7, 0xF3, 0x1A, 0xF8, 0x2E, 0x37, 0xFC, 0x2E, 0x07, 0xFC, 0x8E, 
            0xF7, 0x65, 0xFB, 0x58, 0xF7, 0x57, 0x20, 0x1E, 0x0E, 0xFB, 0xBF, 0xFA, 0x09, 0xB4, 0x01, 0x8B, 0xD8, 0x03, 0x3B, 0x04, 
            0xD8, 0xF9, 0xD2, 0x06, 0xF7, 0x11, 0x9B, 0x95, 0xF7, 0x11, 0x1E, 0xF7, 0x17, 0xB4, 0xFB, 0xF1, 0x06, 0x0E, 0xFB, 0xBF, 
            0x3C, 0xFA, 0x80, 0x01, 0x8B, 0xD8, 0x03, 0x3C, 0x04, 0xD8, 0xFA, 0x80, 0x3E, 0x06, 0x0E, 0xFB, 0xBF, 0x3B, 0xB4, 0x01, 
            0x8B, 0xD8, 0x03, 0x3B, 0x04, 0xF7, 0xE8, 0xB4, 0xFB, 0x0E, 0x06, 0xFB, 0x11, 0x7B, 0x95, 0xF7, 0x11, 0x1F, 0xF9, 0xD2, 
            0x3E, 0x07, 0x0E, 0xFB, 0x51, 0xFA, 0x13, 0xA9, 0x35, 0x0A, 0xF7, 0xB0, 0x36, 0x15, 0xF9, 0xC8, 0x07, 0xF7, 0x02, 0x91, 
            0xBD, 0xDB, 0x1E, 0xD6, 0xA9, 0x40, 0x06, 0xFB, 0x02, 0x58, 0x6E, 0xFB, 0x35, 0x1F, 0xFD, 0xC8, 0x07, 0x0E, 0x2D, 0x0A, 
            0xF7, 0x7F, 0x06, 0xF7, 0x2D, 0x4C, 0xDE, 0xFB, 0x1C, 0xB2, 0x1E, 0xF7, 0x1C, 0xB2, 0xCA, 0xDE, 0xF7, 0x2D, 0x1A, 0xF7, 
            0x7F, 0x40, 0xFB, 0x7F, 0x07, 0x27, 0x67, 0xFB, 0x07, 0xFB, 0x2D, 0x5E, 0x1E, 0x6D, 0x07, 0xF7, 0x2D, 0x5E, 0xAF, 0xFB, 
            0x07, 0x27, 0x1A, 0x0E, 0x53, 0x0A, 0xF7, 0x65, 0xFA, 0x3B, 0x15, 0xFD, 0xCC, 0x07, 0xFB, 0x35, 0xB4, 0x72, 0xF7, 0x02, 
            0x1E, 0xE0, 0xA9, 0x36, 0x06, 0x3B, 0x8F, 0xB9, 0xF7, 0x02, 0x1F, 0xF9, 0xCC, 0x07, 0x0E, 0x2D, 0x0A, 0xFA, 0x90, 0x40, 
            0x06, 0x0E, 0x8E, 0x33, 0xFA, 0xBB, 0x01, 0xF7, 0xC8, 0xD1, 0x03, 0xF7, 0xC8, 0x33, 0x15, 0xD1, 0xFA, 0xBB, 0x45, 0x06, 
            0x0E, 0x3F, 0x0A, 0xF8, 0x12, 0xDF, 0x03, 0xF8, 0x12, 0xFB, 0xB9, 0x15, 0xDF, 0xF8, 0x38, 0x06, 0xF8, 0x8E, 0xFB, 0x60, 
            0xF7, 0x58, 0xFB, 0x57, 0xEC, 0x1E, 0x7E, 0x81, 0x05, 0xF7, 0x72, 0xFB, 0x1F, 0xF5, 0xFB, 0xBF, 0xFB, 0xF3, 0x1A, 0x0E, 
            0xFB, 0xBF, 0x36, 0xFA, 0x86, 0x01, 0xF8, 0x12, 0xDF, 0x03, 0xF8, 0x12, 0x54, 0x0A, 0x3F, 0x0A, 0xF8, 0x12, 0xDF, 0x03, 
            0xC1, 0xFB, 0xAF, 0x15, 0x98, 0x81, 0x05, 0xF7, 0x57, 0xEC, 0xF7, 0x60, 0xF7, 0x5D, 0xF8, 0x8E, 0x1A, 0xF8, 0x33, 0x37, 
            0xFC, 0x33, 0x07, 0xFB, 0xF3, 0x21, 0xFB, 0xC4, 0xFB, 0x72, 0xFB, 0x1F, 0x1E, 0x0E, 0xFB, 0xBF, 0xFA, 0x09, 0xB4, 0x01, 
            0xF7, 0xB9, 0xD9, 0x03, 0xF7, 0xB9, 0x3B, 0x15, 0xD9, 0xFA, 0x82, 0xFB, 0xF1, 0x62, 0xF7, 0x1B, 0x06, 0xF7, 0x11, 0x96, 
            0x80, 0xFB, 0x11, 0x1F, 0x0E, 0xFB, 0xBF, 0x3C, 0xFA, 0x80, 0x01, 0xF7, 0xBA, 0xD8, 0x03, 0xF7, 0xBA, 0x3C, 0x15, 0xD8, 
            0xFA, 0x80, 0x3E, 0x06, 0x0E, 0xFB, 0xBF, 0x3B, 0xB4, 0x01, 0xF7, 0xBA, 0xD8, 0x03, 0xA1, 0x64, 0x15, 0x62, 0xF7, 0xF1, 
            0xFA, 0x82, 0x3E, 0xFD, 0xCF, 0x07, 0xFB, 0x13, 0x79, 0x80, 0xFB, 0x11, 0x1E, 0x0E, 0xFB, 0x51, 0xFA, 0x13, 0xA9, 0x2E, 
            0x0A, 0xF9, 0xC8, 0x06, 0xF7, 0x2C, 0x74, 0xB1, 0xFB, 0x19, 0x1E, 0x3B, 0x6D, 0xDB, 0x06, 0xD1, 0x96, 0x5F, 0xFB, 0x08, 
            0x1F, 0x0E, 0x2D, 0x0A, 0xF7, 0x80, 0x06, 0xEF, 0xAF, 0xF7, 0x06, 0xF7, 0x2D, 0xB8, 0x1E, 0xA9, 0x07, 0xFB, 0x2D, 0xB8, 
            0x67, 0xF7, 0x06, 0xEF, 0x1A, 0xF7, 0x80, 0x40, 0xFB, 0x80, 0x07, 0xFB, 0x2D, 0xCA, 0x39, 0xF7, 0x1C, 0x64, 0x1E, 0xFB, 
            0x1C, 0x64, 0x4C, 0x39, 0xFB, 0x2D, 0x1A, 0x0E, 0x53, 0x0A, 0xBB, 0x5E, 0x15, 0x6D, 0xDB, 0x07, 0xF7, 0x16, 0xA5, 0xB3, 
            0xF7, 0x2B, 0x1F, 0xF9, 0xC7, 0x40, 0xFD, 0xC7, 0x07, 0xFB, 0x16, 0x80, 0x6C, 0x45, 0x1E, 0x0E, 0xF6, 0x9D, 0x76, 0xF8, 
            0xFF, 0xF7, 0x54, 0x01, 0xF9, 0x71, 0xF7, 0x69, 0x15, 0x3F, 0xA0, 0x65, 0xD3, 0xD4, 0x1A, 0xCE, 0xA9, 0xCD, 0xCA, 0xA9, 
            0x1E, 0xBF, 0x6E, 0x41, 0xA4, 0x52, 0x1B, 0x6E, 0x76, 0x84, 0x83, 0x76, 0x1F, 0x83, 0x76, 0x75, 0x83, 0x6E, 0x1B, 0x72, 
            0x75, 0x93, 0x93, 0x76, 0x1F, 0x94, 0x74, 0x75, 0x94, 0x70, 0x1B, 0xFB, 0x03, 0x25, 0x2B, 0xFB, 0x21, 0xFB, 0x1A, 0xD2, 
            0xFB, 0x92, 0xF7, 0x37, 0xA5, 0x9E, 0x96, 0x94, 0xA0, 0x1F, 0x92, 0x9B, 0x9B, 0x91, 0xA0, 0x1B, 0xA1, 0x9B, 0x85, 0x85, 
            0x9A, 0x1F, 0x82, 0xA1, 0x9D, 0x7F, 0xA7, 0x1B, 0xE1, 0xB5, 0xE2, 0xF7, 0x15, 0xD6, 0x1F, 0xFB, 0xDB, 0xF8, 0x27, 0x15, 
            0xE6, 0x88, 0xE5, 0xF0, 0x76, 0xE9, 0x08, 0x3C, 0x35, 0x2B, 0x2B, 0x90, 0x1F, 0x0E, 0x78, 0x9E, 0xF8, 0x7B, 0x98, 0xF7, 
            0x41, 0x9A, 0x06, 0x1E, 0xA0, 0x39, 0x63, 0xFF, 0x0C, 0x09, 0xE7, 0x0A, 0xE0, 0x0B, 0x9F, 0xD3, 0x0C, 0x0C, 0xF8, 0xB9, 
            0x14, 0xF9, 0x3F, 0x15, 0xAB, 0x13, 0x00, 0x3A, 0x02, 0x00, 0x01, 0x00, 0x13, 0x00, 0x2D, 0x00, 0x30, 0x00, 0x47, 0x00, 
            0x4F, 0x00, 0x56, 0x00, 0x5D, 0x00, 0x61, 0x00, 0x67, 0x00, 0x7C, 0x00, 0x82, 0x00, 0x8B, 0x00, 0xA6, 0x00, 0xAE, 0x00, 
            0xB4, 0x00, 0xBA, 0x00, 0xC7, 0x00, 0xCE, 0x00, 0xE3, 0x00, 0xED, 0x00, 0xF6, 0x00, 0xFC, 0x01, 0x0A, 0x01, 0x0E, 0x01, 
            0x19, 0x01, 0x1C, 0x01, 0x23, 0x01, 0x2A, 0x01, 0x31, 0x01, 0x40, 0x01, 0x4D, 0x01, 0x56, 0x01, 0x5F, 0x01, 0x66, 0x01, 
            0x6D, 0x01, 0x72, 0x01, 0x77, 0x01, 0x7C, 0x01, 0x88, 0x01, 0x8E, 0x01, 0x99, 0x01, 0xA0, 0x01, 0xA7, 0x01, 0xAC, 0x01, 
            0xB6, 0x01, 0xC0, 0x01, 0xCA, 0x01, 0xCE, 0x01, 0xD8, 0x01, 0xE2, 0x01, 0xEC, 0x01, 0xF3, 0x01, 0xFB, 0x02, 0x04, 0x02, 
            0x09, 0x02, 0x12, 0x02, 0x19, 0x02, 0x1F, 0x6C, 0xA4, 0x72, 0xAA, 0xAA, 0xA4, 0xA4, 0xAA, 0xAA, 0x72, 0xA4, 0x6C, 0x6C, 
            0x72, 0x72, 0x6C, 0x1E, 0x0B, 0x2B, 0x0A, 0xF7, 0x53, 0xF7, 0x2E, 0xF7, 0x2E, 0x4B, 0x0A, 0xFB, 0x2E, 0xF7, 0x2E, 0xFB, 
            0x53, 0xFB, 0x53, 0xFB, 0x2E, 0xFB, 0x2E, 0xFB, 0x53, 0x1E, 0x0B, 0x20, 0x0A, 0x0E, 0x15, 0x21, 0x0A, 0xB3, 0x16, 0xF7, 
            0x3C, 0xF7, 0x1D, 0x43, 0x0A, 0xF7, 0x3C, 0xF7, 0x1D, 0x34, 0x0A, 0x34, 0x0A, 0x43, 0x0A, 0x1E, 0x0E, 0x16, 0xF7, 0xB0, 
            0x9D, 0x06, 0x2A, 0x0A, 0x0B, 0x2F, 0x0A, 0xFC, 0x7D, 0x27, 0x0A, 0x0B, 0x07, 0x3C, 0x0A, 0xFC, 0x7D, 0x39, 0x0A, 0x07, 
            0x28, 0x0A, 0x0B, 0x54, 0x68, 0x78, 0x54, 0x1E, 0x0B, 0x6D, 0xA4, 0x72, 0xAA, 0x1E, 0xA9, 0x8C, 0xA5, 0xA3, 0xAA, 0x1A, 
            0xA9, 0x71, 0xA5, 0x6D, 0x6C, 0x72, 0x71, 0x6C, 0x1E, 0x0B, 0x54, 0x68, 0x9E, 0xC2, 0x1F, 0x0B, 0xFB, 0x53, 0xF7, 0x2E, 
            0xFB, 0x2E, 0xF7, 0x53, 0x0B, 0x1E, 0xB3, 0x8A, 0x15, 0xF7, 0x3D, 0xF7, 0x1C, 0x43, 0x0A, 0xF7, 0x3D, 0xF7, 0x1D, 0xFB, 
            0x1D, 0xFB, 0x3C, 0xFB, 0x3D, 0xFB, 0x1D, 0xFB, 0x1C, 0xFB, 0x3C, 0x0B, 0xFB, 0x51, 0x36, 0xFA, 0x90, 0x2E, 0x0A, 0x0B, 
            0x44, 0x0A, 0x36, 0x15, 0xD6, 0x0B, 0xC2, 0xAE, 0x78, 0x54, 0x1F, 0x0B, 0xF7, 0x17, 0xF7, 0x35, 0xF7, 0x35, 0xF7, 0x17, 
            0x56, 0x0A, 0x41, 0x0A, 0x0B, 0xC2, 0xAE, 0x9E, 0xC2, 0x1E, 0x9D, 0x0B, 0x82, 0xB9, 0x1B, 0xC5, 0xC7, 0xB4, 0xA8, 0x9A, 
            0x1F, 0x68, 0xAC, 0x05, 0x7C, 0x7D, 0x72, 0x66, 0x53, 0x1B, 0x62, 0x66, 0x0B, 0x1E, 0xFB, 0xA9, 0x79, 0x06, 0x25, 0x0A, 
            0xF7, 0x56, 0x0B, 0xFB, 0x1D, 0xFB, 0x3C, 0xFB, 0x3C, 0xFB, 0x1D, 0x0B, 0x01, 0xF7, 0x65, 0xD6, 0x03, 0x0B, 0xF7, 0x5C, 
            0x40, 0x0A, 0x6F, 0xA1, 0x6C, 0x7B, 0x7B, 0x85, 0x81, 0x87, 0x1E, 0x0B, 0x15, 0x20, 0x0A, 0x0B, 0x88, 0x85, 0x8B, 0x89, 
            0x8A, 0x1A, 0x7C, 0x9A, 0x85, 0x96, 0x0B, 0x27, 0x0A, 0x0E, 0xF8, 0xA2, 0xC2, 0xFC, 0xA2, 0x06, 0x0B, 0xA0, 0x76, 0xF9, 
            0x35, 0x77, 0x01, 0x0B, 0x31, 0x0A, 0xFB, 0xB0, 0x45, 0x0A, 0x0B, 0x8B, 0xC2, 0xF8, 0xDC, 0x77, 0x01, 0xA8, 0x16, 0xF8, 
            0x85, 0xC2, 0xFC, 0x85, 0x06, 0x0B, 0xF8, 0x45, 0xF7, 0x5B, 0x05, 0xC9, 0x07, 0xFC, 0x85, 0xFB, 0x7A, 0x05, 0x0E, 0xFB, 
            0xBF, 0xFB, 0xB9, 0x1C, 0x04, 0xC3, 0x01, 0x0B, 0x05, 0x8F, 0x8F, 0x8D, 0x95, 0x91, 0x1A, 0xA8, 0x0B, 0xFB, 0x17, 0xFB, 
            0x35, 0xFB, 0x35, 0x0B, 0xF8, 0xA0, 0xC2, 0xFC, 0xA0, 0x06, 0x0B, 0xF7, 0x1D, 0xF7, 0x3C, 0x0B, 0x35, 0x0A, 0xF7, 0x65, 
            0x0B, 0x79, 0x07, 0x2F, 0x0A, 0x0B, 0xF7, 0xC4, 0x91, 0x76, 0xF7, 0x7F, 0xC3, 0xF7, 0x7F, 0x77, 0x01, 0x0B, 0xC2, 0xF7, 
            0xFC, 0xC2, 0x01, 0x0B, 0xF7, 0x52, 0xFB, 0x2F, 0xF7, 0x2F, 0xFB, 0x52, 0xFB, 0x53, 0x0B, 0x77, 0x01, 0xF7, 0xAC, 0xC3, 
            0x03, 0x0B, 0x07, 0x74, 0x77, 0x7C, 0x6C, 0x1E, 0x0B, 0xF7, 0x53, 0xF7, 0x53, 0x0B, 0xFB, 0xF6, 0xFB, 0x45, 0x76, 0xFA, 
            0x44, 0x77, 0x01, 0x0B, 0xFB, 0x5F, 0xFB, 0x4B, 0xA4, 0xF9, 0xBA, 0xA4, 0x01, 0x0B, 0xFB, 0xF2, 0xFB, 0x2F, 0xA4, 0xF9, 
            0x9F, 0xA4, 0x01, 0x0B, 0x15, 0x2B, 0x0A, 0x0B, 0xFB, 0xF2, 0xFB, 0x3E, 0x76, 0xF9, 0xF4, 0x77, 0x01, 0x0B, 0xC9, 0x07, 
            0xFC, 0x85, 0xF7, 0x7A, 0x05, 0x4D, 0x07, 0x0B, 0x67, 0xA8, 0x6E, 0xAF, 0xAF, 0xA7, 0xA8, 0xAF, 0xAF, 0x0B, 0xFB, 0x51, 
            0x40, 0xA9, 0x35, 0x0A, 0x0B, 0x36, 0x15, 0xDF, 0xFA, 0x86, 0x37, 0x06, 0x0E, 0x01, 0xB3, 0xC2, 0xF8, 0xDA, 0xC2, 0x03, 
            0xB3, 0x0B, 0x41, 0x0A, 0xFB, 0x17, 0x0B, 0x15, 0xA9, 0xA6, 0xAA, 0x9F, 0xB8, 0x1B, 0xAA, 0x0B, 0x8A, 0x1F, 0xFC, 0x29, 
            0x54, 0x06, 0x0E, 0x90, 0x90, 0x8F, 0x8E, 0x8D, 0x0B, 
        };
}
